submodel,AIC,BIC,AIC_sum,BIC_sum
y|parents,2763.7241617449554,2790.53966364573,6446.238260781177,6504.338514899522
LES|parents,2099.920672560984,2117.797673828167,6446.238260781177,6504.338514899522
SIZE|parents,1582.5934264752377,1596.001177425625,6446.238260781177,6504.338514899522
