Value,Std.Error,t-value,p-value,term
4.463303361446846,5.018329723351742,0.8894001804380852,0.37412222357328173,(Intercept)
-0.06625280392369935,0.06234096879824039,-1.0627490268577504,0.2882966158551617,LES
1.2731667988996336,0.16256454595803888,7.8317617866583475,2.0050387103084e-14,logH
-0.15853799314528388,0.12010177957176853,-1.3200303418530719,0.1872968165654701,logSM
-0.27274583049669693,0.1099281552759883,-2.4811280587028373,0.013352493896677083,logLA
