R_class,label,count,median_EIVE,lower,upper
1,strongly acidic substrates only,48,1.29635046039439,0.0,1.822968912310665
2,"very acidic, seldom on less acidic soils",167,2.34958736422694,1.822968912310665,2.7297883209368274
3,acid indicator; mainly acid soils,264,3.109989277646715,2.7297883209368274,3.5045510551139376
4,slightly acidic; between acid and moderately acid,367,3.89911283258116,3.5045510551139376,4.41976378568784
5,moderately acidic soils; occasional neutral/basic,469,4.94041473879452,4.41976378568784,5.409789128914085
6,slightly acidic to neutral,725,5.87916351903365,5.409789128914085,6.376088551099505
7,weakly acidic to weakly basic; absent from very acid,1531,6.87301358316536,6.376088551099505,7.240893606081045
8,between weakly basic and basic,1051,7.60877362899673,7.240893606081045,8.053802404364234
9,basic/alkaline; calcareous substrates,277,8.49883117973174,8.053802404364234,10.0
