{
  "n1": {
    "method": "percentile",
    "p5": 0.0,
    "p25": 0.0,
    "p50": 0.09600000000000002,
    "p75": 0.216,
    "p95": 0.768,
    "mean": 0.19330480000000003,
    "std": 0.35217460018712315,
    "n_samples": 100000
  },
  "n2": {
    "method": "percentile",
    "p5": 0.0,
    "p25": 0.0,
    "p50": 0.0,
    "p75": 0.0,
    "p95": 0.08000000000000002,
    "mean": 0.029577800000000015,
    "std": 0.341861407221055,
    "n_samples": 100000
  },
  "n4": {
    "method": "percentile",
    "p5": 0.0,
    "p25": 0.0,
    "p50": 0.0,
    "p75": 1.2,
    "p95": 3.4000000000000004,
    "mean": 0.7173820000000001,
    "std": 1.2893422610292427,
    "n_samples": 100000
  },
  "p3": {
    "method": "percentile",
    "p5": 0.0,
    "p25": 0.08000000000000002,
    "p50": 0.16000000000000003,
    "p75": 0.4,
    "p95": 1.28,
    "mean": 0.38235480000000005,
    "std": 0.6830574726309346,
    "n_samples": 100000
  },
  "p4": {
    "method": "percentile",
    "p5": 0.06345666254103915,
    "p25": 0.10286707769218531,
    "p50": 0.11897764150387893,
    "p75": 0.13549487432905208,
    "p95": 0.16280523115040657,
    "mean": 0.11645207943666151,
    "std": 0.0340229475975452,
    "n_samples": 100000
  },
  "p5": {
    "method": "percentile",
    "p5": 0.364774542078236,
    "p25": 1.3759001760000003,
    "p50": 7.855279605725273,
    "p75": 19.785471444047495,
    "p95": 37.69999999999997,
    "mean": 12.937220239879002,
    "std": 39.22898668876713,
    "n_samples": 100000
  },
  "p6": {
    "method": "percentile",
    "p5": 0.0,
    "p25": 0.0,
    "p50": 0.0,
    "p75": 0.0,
    "p95": 0.32000000000000006,
    "mean": 0.07446160000000003,
    "std": 0.442836473345907,
    "n_samples": 100000
  }
}