{
  "n1": {
    "method": "percentile",
    "p1": 0.0,
    "p5": 0.0,
    "p10": 0.0,
    "p20": 0.0,
    "p30": 0.0,
    "p40": 0.0,
    "p50": 0.09600000000000002,
    "p60": 0.09600000000000002,
    "p70": 0.19200000000000003,
    "p80": 0.28800000000000003,
    "p90": 0.504,
    "p95": 0.768,
    "p99": 1.5600000000000003,
    "mean": 0.19226920000000006,
    "std": 0.3488943741755663,
    "n_samples": 100000
  },
  "n2": {
    "method": "percentile",
    "p1": 0.0,
    "p5": 0.0,
    "p10": 0.0,
    "p20": 0.0,
    "p30": 0.0,
    "p40": 0.0,
    "p50": 0.0,
    "p60": 0.0,
    "p70": 0.0,
    "p80": 0.0,
    "p90": 0.0,
    "p95": 0.08000000000000002,
    "p99": 0.56,
    "mean": 0.029131800000000017,
    "std": 0.31575781578412293,
    "n_samples": 100000
  },
  "n4": {
    "method": "percentile",
    "p1": 0.0,
    "p5": 0.0,
    "p10": 0.0,
    "p20": 0.0,
    "p30": 0.0,
    "p40": 0.0,
    "p50": 0.0,
    "p60": 0.6,
    "p70": 0.6,
    "p80": 1.2,
    "p90": 2.2,
    "p95": 3.4000000000000004,
    "p99": 6.0,
    "mean": 0.7090699999999999,
    "std": 1.2736659432912538,
    "n_samples": 100000
  },
  "p3": {
    "method": "percentile",
    "p1": 0.0,
    "p5": 0.0,
    "p10": 0.08000000000000002,
    "p20": 0.08000000000000002,
    "p30": 0.16000000000000003,
    "p40": 0.16000000000000003,
    "p50": 0.16000000000000003,
    "p60": 0.24,
    "p70": 0.4,
    "p80": 0.48,
    "p90": 0.8,
    "p95": 1.28,
    "p99": 2.96,
    "mean": 0.3798828000000001,
    "std": 0.6625773813405949,
    "n_samples": 100000
  },
  "p4": {
    "method": "percentile",
    "p1": 0.0002864893803989505,
    "p5": 0.06381866928550886,
    "p10": 0.08728235474078345,
    "p20": 0.09896828763183839,
    "p30": 0.10660630859998574,
    "p40": 0.11301045315186323,
    "p50": 0.11904367295586482,
    "p60": 0.12520241739705537,
    "p70": 0.13196872812523022,
    "p80": 0.1400089234310197,
    "p90": 0.1520247165232107,
    "p95": 0.16299869365640762,
    "p99": 0.18684940463433455,
    "mean": 0.11661423038711351,
    "std": 0.0339815453638717,
    "n_samples": 100000
  },
  "p5": {
    "method": "percentile",
    "p1": 0.19433155643446542,
    "p5": 0.36353750804999996,
    "p10": 0.5325570507547733,
    "p20": 0.9478866714000003,
    "p30": 1.8799644724999998,
    "p40": 3.9603933912000033,
    "p50": 7.820099359838376,
    "p60": 12.299964516525929,
    "p70": 17.36241440249043,
    "p80": 22.825599018151905,
    "p90": 29.8493299450283,
    "p95": 37.65664854324014,
    "p99": 49.87705876373469,
    "mean": 13.047784153428783,
    "std": 41.42925002604064,
    "n_samples": 100000
  },
  "p6": {
    "method": "percentile",
    "p1": 0.0,
    "p5": 0.0,
    "p10": 0.0,
    "p20": 0.0,
    "p30": 0.0,
    "p40": 0.0,
    "p50": 0.0,
    "p60": 0.0,
    "p70": 0.0,
    "p80": 0.0,
    "p90": 0.16000000000000003,
    "p95": 0.32000000000000006,
    "p99": 1.5200000000000005,
    "mean": 0.07205160000000002,
    "std": 0.43235852592199475,
    "n_samples": 100000
  }
}