trait,min,max,expected_min,expected_max,out_of_bounds,pct_out_of_bounds
logLA,-0.2231435513142097,14.843789791786474,-5,10,177,1.5146328940612699
logNmass,1.1999466375830483,4.746731964172375,-4,1,11686,100.0
logLDMC,-5.462530508352998,0.1484200051182731,-2,1,1446,12.37378059216156
logSLA,-0.4105189824108431,5.318520073865556,0,7,2,0.017114495978093443
logH,-7.877368507130525,7.537281999018428,-3,5,225,1.9253807975355126
logSM,-12.17651384328863,13.130309375974395,-8,5,1068,9.1391408523019
