species,LMA,Nmass,LeafArea,PlantHeight,DiasporeMass,SSD,source,logLA,logH,logSM,logSSD,LES_core,SIZE,LES,L_pred,T_pred,M_pred,R_pred,N_pred
Acer saccharum,46.15083,18.04807035,4735.7,32.93491878,52.8034,0.659849981,MAG,8.463013102665556,3.494545601110639,3.966598308129504,-0.41543971804106694,-0.2590812292341038,6.523077078158148,-0.2590812292341038,3.431579726375962,6.504349732798314,7.513792543615456,7.694162332258281,11.690292194471466
Agropyron cristatum,111.9021923,15.25,167.75,0.429301907,2.829,0.387809055,MAG,5.12608969465931,-0.8446635502310494,1.0403473805361338,-0.9467266020023158,-1.4355618917450357,0.06391877172433647,-1.4355618917450357,6.596024712501266,4.41401153421027,5.0432227298871855,6.692953768107272,5.143564496348803
Agrostis hyemalis,78.6279575,17.1312609,79.06,0.694952821,0.0489,0.308889034,MAG,4.377861723459739,-0.36333590611600913,-2.993734270891318,-1.1741259076652442,-0.802864984719539,-2.2533808876113177,-0.802864984719539,7.361916723506783,3.599350599628141,7.065629998051782,6.534846054497592,6.41929138104587
