{
  "c": {
    "p1": 0,
    "p5": 0,
    "p10": 1.64297,
    "p20": 6.568234,
    "p30": 12.022093,
    "p40": 17.346267,
    "p50": 22.989132,
    "p60": 29.709411,
    "p70": 37.398255,
    "p75": 41.250337,
    "p80": 46.219508,
    "p85": 51.502088,
    "p90": 58.039274,
    "p95": 67.546724,
    "p99": 82.320627
  },
  "s": {
    "p1": 0,
    "p5": 0,
    "p10": 0,
    "p20": 4.793095,
    "p30": 20.004052,
    "p40": 31.989567,
    "p50": 42.913722,
    "p60": 53.841857,
    "p70": 65.678414,
    "p75": 72.158982,
    "p80": 78.49552,
    "p85": 84.954881,
    "p90": 91.306591,
    "p95": 97.35915,
    "p99": 100
  },
  "r": {
    "p1": 0,
    "p5": 0,
    "p10": 0,
    "p20": 0,
    "p30": 6.930065,
    "p40": 15.504602,
    "p50": 24.559551,
    "p60": 33.386443,
    "p70": 42.794936,
    "p75": 47.577965,
    "p80": 53.151235,
    "p85": 60.092725,
    "p90": 67.56748,
    "p95": 79.711139,
    "p99": 97.334111
  }
}
