{
  "tier_1_tropical": {
    "m1": {
      "p1": 0.20577274301770798,
      "p10": 0.2573213701536445,
      "p20": 0.2849866743175584,
      "p30": 0.4151602949518986,
      "p40": 0.42805242499569424,
      "p5": 0.24927075271938173,
      "p50": 0.43728468805190296,
      "p60": 0.4469992708942936,
      "p70": 0.4572233956314564,
      "p80": 0.46909652816526065,
      "p90": 0.48589406273797003,
      "p95": 0.5016825062447953,
      "p99": 0.533120883273342
    },
    "n4": {
      "p1": 0.0,
      "p10": 0.015714285714285712,
      "p20": 0.02857142857142857,
      "p30": 0.04428571428571429,
      "p40": 0.05714285714285714,
      "p5": 0.004285714285714286,
      "p50": 0.07095238095238095,
      "p60": 0.08952380952380953,
      "p70": 0.10523809523809524,
      "p80": 0.13333333333333336,
      "p90": 0.16666666666666666,
      "p95": 0.19952380952380955,
      "p99": 0.25714285714285723
    },
    "p1": {
      "p1": 0.0,
      "p10": 0.0,
      "p20": 0.0,
      "p30": 0.0,
      "p40": 0.0,
      "p5": 0.0,
      "p50": 0.0,
      "p60": 0.28571428571428575,
      "p70": 0.380952380952381,
      "p80": 0.5714285714285715,
      "p90": 1.142857142857143,
      "p95": 1.9047619047619047,
      "p99": 4.190476190476191
    },
    "p2": {
      "p1": 0.0,
      "p10": 0.0,
      "p20": 0.0,
      "p30": 0.0,
      "p40": 0.14285714285714288,
      "p5": 0.0,
      "p50": 0.42857142857142866,
      "p60": 0.6666666666666667,
      "p70": 1.142857142857143,
      "p80": 2.0000000000000004,
      "p90": 3.9285714285714284,
      "p95": 7.6428571428571415,
      "p99": 78.57142857142857
    },
    "p3": {
      "p1": 0.05714285714285714,
      "p10": 0.11428571428571428,
      "p20": 0.17142857142857143,
      "p30": 0.22857142857142856,
      "p40": 0.34285714285714286,
      "p5": 0.11428571428571428,
      "p50": 0.4571428571428572,
      "p60": 0.5714285714285714,
      "p70": 0.8,
      "p80": 1.0857142857142856,
      "p90": 1.7714285714285711,
      "p95": 2.5714285714285707,
      "p99": 5.057142857142856
    },
    "p5": {
      "p1": 0.09262528451916771,
      "p10": 0.19996497060195598,
      "p20": 0.26232610612787777,
      "p30": 0.3116892052620057,
      "p40": 0.3555668022585483,
      "p5": 0.15626311052597508,
      "p50": 0.39950766879544597,
      "p60": 0.4459623779778382,
      "p70": 0.497224266949299,
      "p80": 0.5600742195206156,
      "p90": 0.6517257515758983,
      "p95": 0.7401513079889206,
      "p99": 0.8584715159075609
    },
    "p6": {
      "p1": 0.0,
      "p10": 0.0,
      "p20": 0.0,
      "p30": 0.0,
      "p40": 0.0,
      "p5": 0.0,
      "p50": 0.0,
      "p60": 0.0,
      "p70": 0.0,
      "p80": 0.0,
      "p90": 0.0,
      "p95": 0.0,
      "p99": 0.08163265306122448
    }
  },
  "tier_2_mediterranean": {
    "m1": {
      "p1": 0.20963813687610686,
      "p10": 0.2773044917284706,
      "p20": 0.3090993734959607,
      "p30": 0.41996949201926415,
      "p40": 0.4305160517774289,
      "p5": 0.2546884158004419,
      "p50": 0.4413409926915194,
      "p60": 0.45369932423454784,
      "p70": 0.4652850884032982,
      "p80": 0.47877893682530537,
      "p90": 0.5010412648386878,
      "p95": 0.5195897028218638,
      "p99": 0.5599043780607648
    },
    "n4": {
      "p1": 0.0,
      "p10": 0.0,
      "p20": 0.007142857142857143,
      "p30": 0.007142857142857143,
      "p40": 0.021428571428571425,
      "p5": 0.0,
      "p50": 0.021428571428571425,
      "p60": 0.04285714285714286,
      "p70": 0.06666666666666667,
      "p80": 0.0880952380952381,
      "p90": 0.11904761904761903,
      "p95": 0.14476190476190473,
      "p99": 0.20238095238095238
    },
    "p1": {
      "p1": 0.0,
      "p10": 0.0,
      "p20": 0.0,
      "p30": 0.0,
      "p40": 0.0,
      "p5": 0.0,
      "p50": 0.0,
      "p60": 0.0,
      "p70": 0.0,
      "p80": 0.0,
      "p90": 0.28571428571428575,
      "p95": 0.47619047619047616,
      "p99": 1.9047619047619047
    },
    "p2": {
      "p1": 0.0,
      "p10": 0.0,
      "p20": 0.0,
      "p30": 0.0,
      "p40": 0.0,
      "p5": 0.0,
      "p50": 0.14285714285714288,
      "p60": 0.23809523809523808,
      "p70": 0.47619047619047616,
      "p80": 0.9523809523809523,
      "p90": 2.5,
      "p95": 4.857142857142857,
      "p99": 43.38095238095239
    },
    "p3": {
      "p1": 0.0,
      "p10": 0.05714285714285714,
      "p20": 0.11428571428571428,
      "p30": 0.11428571428571428,
      "p40": 0.11428571428571428,
      "p5": 0.05714285714285714,
      "p50": 0.17142857142857143,
      "p60": 0.22857142857142856,
      "p70": 0.34285714285714286,
      "p80": 0.4571428571428571,
      "p90": 0.7428571428571428,
      "p95": 1.0571428571428572,
      "p99": 2.285714285714285
    },
    "p5": {
      "p1": 0.0,
      "p10": 0.06,
      "p20": 0.12,
      "p30": 0.12,
      "p40": 0.18784363728964568,
      "p5": 0.06,
      "p50": 0.23114588700681069,
      "p60": 0.2789405402757328,
      "p70": 0.3226361438823382,
      "p80": 0.37946521518060966,
      "p90": 0.44597451586920944,
      "p95": 0.5156247907790579,
      "p99": 0.6744194335009455
    },
    "p6": {
      "p1": 0.0,
      "p10": 0.0,
      "p20": 0.0,
      "p30": 0.0,
      "p40": 0.0,
      "p5": 0.0,
      "p50": 0.0,
      "p60": 0.0,
      "p70": 0.0,
      "p80": 0.0,
      "p90": 0.08163265306122448,
      "p95": 0.16326530612244897,
      "p99": 0.7346938775510203
    }
  },
  "tier_3_humid_temperate": {
    "m1": {
      "p1": 0.2058303138108993,
      "p10": 0.2596675666880445,
      "p20": 0.29149052041200324,
      "p30": 0.4155779407019048,
      "p40": 0.4269206721943841,
      "p5": 0.2495832519115247,
      "p50": 0.43639008163227294,
      "p60": 0.44742789038112835,
      "p70": 0.4588934394740184,
      "p80": 0.47111438568787917,
      "p90": 0.49017811734122996,
      "p95": 0.5084563450167024,
      "p99": 0.5443880380513716
    },
    "n4": {
      "p1": 0.0,
      "p10": 0.0,
      "p20": 0.007142857142857143,
      "p30": 0.007142857142857143,
      "p40": 0.021428571428571425,
      "p5": 0.0,
      "p50": 0.03571428571428571,
      "p60": 0.04714285714285714,
      "p70": 0.0661904761904762,
      "p80": 0.08333333333333333,
      "p90": 0.11761904761904761,
      "p95": 0.1476190476190476,
      "p99": 0.20238095238095238
    },
    "p1": {
      "p1": 0.0,
      "p10": 0.0,
      "p20": 0.0,
      "p30": 0.0,
      "p40": 0.0,
      "p5": 0.0,
      "p50": 0.0,
      "p60": 0.0,
      "p70": 0.0,
      "p80": 0.1904761904761905,
      "p90": 0.47619047619047616,
      "p95": 0.9523809523809523,
      "p99": 2.285714285714286
    },
    "p2": {
      "p1": 0.0,
      "p10": 0.0,
      "p20": 0.0,
      "p30": 0.0,
      "p40": 0.14285714285714288,
      "p5": 0.0,
      "p50": 0.23809523809523808,
      "p60": 0.380952380952381,
      "p70": 0.7142857142857142,
      "p80": 1.380952380952381,
      "p90": 3.6666666666666665,
      "p95": 7.428571428571429,
      "p99": 78.09523809523809
    },
    "p3": {
      "p1": 0.0,
      "p10": 0.05714285714285714,
      "p20": 0.11428571428571428,
      "p30": 0.17142857142857143,
      "p40": 0.17142857142857143,
      "p5": 0.05714285714285714,
      "p50": 0.2857142857142857,
      "p60": 0.34285714285714286,
      "p70": 0.4571428571428572,
      "p80": 0.6285714285714286,
      "p90": 0.9999999999999999,
      "p95": 1.4285714285714284,
      "p99": 3.0285714285714276
    },
    "p5": {
      "p1": 0.06,
      "p10": 0.1357585622075667,
      "p20": 0.24,
      "p30": 0.294833820236051,
      "p40": 0.34320202599440763,
      "p5": 0.07347561206036934,
      "p50": 0.38491454806193165,
      "p60": 0.4346162475465655,
      "p70": 0.48044910222264076,
      "p80": 0.5402825700241349,
      "p90": 0.6256788066838599,
      "p95": 0.6931751969470334,
      "p99": 0.8694386922395725
    },
    "p6": {
      "p1": 0.0,
      "p10": 0.0,
      "p20": 0.0,
      "p30": 0.0,
      "p40": 0.0,
      "p5": 0.0,
      "p50": 0.0,