{
  "tier_1_tropical": {
    "m1": {
      "p01": 0.20390827952968477,
      "p05": 0.24958162245183943,
      "p10": 0.2576072390737012,
      "p20": 0.2860297432947561,
      "p30": 0.42042803181051863,
      "p40": 0.4294419225496269,
      "p50": 0.43740494875078195,
      "p60": 0.4475429148755592,
      "p70": 0.4593176038759808,
      "p80": 0.4695290042148397,
      "p90": 0.4894124178857279,
      "p95": 0.5043243934490219,
      "p99": 0.5284030161439986
    },
    "n4": {
      "p01": 0.0,
      "p05": 0.014285714285714285,
      "p10": 0.02857142857142857,
      "p20": 0.05238095238095238,
      "p30": 0.07142857142857142,
      "p40": 0.09047619047619047,
      "p50": 0.11428571428571428,
      "p60": 0.14285714285714285,
      "p70": 0.1714285714285714,
      "p80": 0.19999999999999996,
      "p90": 0.25714285714285706,
      "p95": 0.3095238095238095,
      "p99": 0.35973809523809513
    },
    "p1": {
      "p01": 0.0,
      "p05": 0.0,
      "p10": 0.0,
      "p20": 0.0,
      "p30": 0.0,
      "p40": 0.0,
      "p50": 0.0,
      "p60": 0.0,
      "p70": 0.0,
      "p80": 0.0,
      "p90": 0.0,
      "p95": 0.0,
      "p99": 0.0
    },
    "p2": {
      "p01": 0.0,
      "p05": 0.0,
      "p10": 0.0,
      "p20": 0.0,
      "p30": 0.0,
      "p40": 0.0,
      "p50": 0.0,
      "p60": 0.0,
      "p70": 0.0,
      "p80": 0.0,
      "p90": 0.0,
      "p95": 0.0,
      "p99": 0.0
    },
    "p3": {
      "p01": 0.05714285714285714,
      "p05": 0.11428571428571428,
      "p10": 0.11428571428571428,
      "p20": 0.17142857142857143,
      "p30": 0.22857142857142856,
      "p40": 0.34285714285714286,
      "p50": 0.4571428571428572,
      "p60": 0.5714285714285714,
      "p70": 0.7428571428571428,
      "p80": 1.0571428571428572,
      "p90": 1.6571428571428568,
      "p95": 2.4014285714285695,
      "p99": 4.343999999999998
    },
    "p5": {
      "p01": 0.5218265669972999,
      "p05": 0.6371032656890303,
      "p10": 0.686769646011577,
      "p20": 0.76,
      "p30": 0.76,
      "p40": 0.84,
      "p50": 0.84,
      "p60": 0.84,
      "p70": 0.9128934714589999,
      "p80": 0.92,
      "p90": 0.92,
      "p95": 1.0,
      "p99": 1.0
    },
    "p6": {
      "p01": 0.0,
      "p05": 0.0,
      "p10": 0.0,
      "p20": 0.0,
      "p30": 0.0,
      "p40": 0.0,
      "p50": 0.0,
      "p60": 0.0,
      "p70": 0.0,
      "p80": 0.0,
      "p90": 0.1527207096642425,
      "p95": 0.2805658588748473,
      "p99": 0.61088283865697
    }
  },
  "tier_2_mediterranean": {
    "m1": {
      "p01": 0.20357734706783348,
      "p05": 0.2558275610905487,
      "p10": 0.27842214638033247,
      "p20": 0.30601013437161073,
      "p30": 0.4208316480033176,
      "p40": 0.4297034351494742,
      "p50": 0.4410051109372907,
      "p60": 0.4528044481329631,
      "p70": 0.4650784821895935,
      "p80": 0.4792781697451261,
      "p90": 0.49833880022652327,
      "p95": 0.5140161051826803,
      "p99": 0.5495415253053727
    },
    "n4": {
      "p01": 0.0,
      "p05": 0.0,
      "p10": 0.0,
      "p20": 0.007142857142857143,
      "p30": 0.021428571428571425,
      "p40": 0.021428571428571425,
      "p50": 0.04285714285714286,
      "p60": 0.07142857142857142,
      "p70": 0.08809523809523807,
      "p80": 0.10714285714285712,
      "p90": 0.1476190476190476,
      "p95": 0.18130952380952342,
      "p99": 0.23095238095238096
    },
    "p1": {
      "p01": 0.0,
      "p05": 0.0,
      "p10": 0.0,
      "p20": 0.0,
      "p30": 0.0,
      "p40": 0.0,
      "p50": 0.0,
      "p60": 0.0,
      "p70": 0.0,
      "p80": 0.0,
      "p90": 0.0,
      "p95": 0.0,
      "p99": 0.0
    },
    "p2": {
      "p01": 0.0,
      "p05": 0.0,
      "p10": 0.0,
      "p20": 0.0,
      "p30": 0.0,
      "p40": 0.0,
      "p50": 0.0,
      "p60": 0.0,
      "p70": 0.0,
      "p80": 0.0,
      "p90": 0.0,
      "p95": 0.0,
      "p99": 0.0
    },
    "p3": {
      "p01": 0.0,
      "p05": 0.05714285714285714,
      "p10": 0.05714285714285714,
      "p20": 0.11428571428571428,
      "p30": 0.11428571428571428,
      "p40": 0.17142857142857143,
      "p50": 0.17142857142857143,
      "p60": 0.2857142857142857,
      "p70": 0.34285714285714286,
      "p80": 0.4571428571428571,
      "p90": 0.7428571428571428,
      "p95": 1.0285714285714285,
      "p99": 2.486571428571427
    },
    "p5": {
      "p01": 0.09213543723133295,
      "p05": 0.1731916376549528,
      "p10": 0.19136582688649117,
      "p20": 0.24824426618800002,
      "p30": 0.2873190155014777,
      "p40": 0.3547143659519733,
      "p50": 0.43857613492380004,
      "p60": 0.5572569554331179,
      "p70": 0.6992305638135909,
      "p80": 0.84,
      "p90": 0.87064825049,
      "p95": 0.92,
      "p99": 1.0
    },
    "p6": {
      "p01": 0.0,
      "p05": 0.0,
      "p10": 0.0,
      "p20": 0.0,
      "p30": 0.0,
      "p40": 0.0,
      "p50": 0.0,
      "p60": 0.0,
      "p70": 0.0,
      "p80": 0.1527207096642425,
      "p90": 0.1527207096642425,
      "p95": 0.61088283865697,
      "p99": 2.7029030821266185
    }
  },
  "tier_3_humid_temperate": {
    "m1": {
      "p01": 0.20493468904164924,
      "p05": 0.24895958018923903,
      "p10": 0.2567428492307052,
      "p20": 0.2851508228033157,
      "p30": 0.4114139616671575,
      "p40": 0.4243287831747445,
      "p50": 0.43364418710076,
      "p60": 0.443637665141162,
      "p70": 0.45545279973197483,
      "p80": 0.4694895075836336,
      "p90": 0.48966476323409036,
      "p95": 0.509363277235112,
      "p99": 0.5466584205763636
    },
    "n4": {
      "p01": 0.0,
      "p05": 0.0,
      "p10": 0.0,
      "p20": 0.007142857142857143,
      "p30": 0.021428571428571425,
      "p40": 0.03476190476190481,
      "p50": 0.05238095238095238,
      "p60": 0.06523809523809519,
      "p70": 0.08333333333333333,
      "p80": 0.11428571428571425,
      "p90": 0.14999999999999997,
      "p95": 0.18809523809523804,
      "p99": 0.2476190476190477
    },
    "p1": {
      "p01": 0.0,
      "p05": 0.0,
      "p10": 0.0,
      "p20": 0.0,
      "p30": 0.0,
      "p40": 0.0,
      "p50": 0.0,
      "p60": 0.0,
      "p70": 0.0,
      "p80": 0.0,
      "p90": 0.0,
      "p95": 0.0,
      "p99": 0.0
    },
    "p2": {
      "p01": 0.0,
      "p05": 0.0,
      "p10": 0.0,
      "p20": 0.0,
      "p30": 0.0,
      "p40": 0.0,
      "p50": 0.0,
      "p60": 0.0,
      "p70": 0.0,
      "p80": 0.0,
      "p90": 0.0,
      "p95": 0.0,
      "p99": 0.0
    },
    "p3": {
      "p01": 0.0,
      "p05": 0.05714285714285714,
      "p10": 0.11428571428571428,
      "p20": 0.11428571428571428,
      "p30": 0.17142857142857143,
      "p40": 0.17142857142857143,
      "p50": 0.2857142857142857,
      "p60": 0.34285714285714286,
      "p70": 0.4571428571428572,
      "p80": 0.6285714285714286,
      "p90": 0.9142857142857141,
      "p95": 1.4,
      "p99": 2.601142857142855
    },
    "p5": {
      "p01": 0.13102798537987723,
      "p05": 0.24876592728400004,
      "p10": 0.32207738179855144,
      "p20": 0.44839602308800003,
      "p30": 0.5466433969623121,
      "p40": 0.6857795213289938,
      "p50": 0.76,
      "p60": 0.8364828097749774,
      "p70": 0.84,
      "p80": 0.916850810946,
      "p90": 0.92,
      "p95": 0.9914351086680471,
      "p99": 1.0
    },
    "p6": {
      "p01": 0.0,
      "p05": 0.0,
      "p10": 0.0,
      "p20": 0.0,
      "p30": 0.0,
      "p40": 0.0,
      "p50": 0.0,
      "p60": 0.0,
      "p70": 0.0,
      "p80": 0.1527207096642425,
      "p90": 0.2805658588748473,
      "p95": 0.61088283865697,
      "p99": 1.935866860332413
    }
  },
  "tier_4_continental": {
    "m1": {
      "p01": 0.20963604718742612,
      "p05": 0.2563394054459552,
      "p10": 0.28595601273268695,
      "p20": 0.330615820117202,
      "p30": 0.4251028539857415,
      "p40": 0.4387428487665006,
      "p50": 0.45026434411920324,
      "p60": 0.4621507092681281,
      "p70": 0.4735142493017855,
      "p80": 0.4848258134161962,
      "p90": 0.5086455312740968,
      "p95": 0.5252489477166371,