{
  "tier_1_tropical": {
    "m1": {
      "p1": 0.45776236675612697,
      "p10": 0.7619880732192661,
      "p20": 0.7622229885982251,
      "p30": 0.7622229906426665,
      "p40": 0.7807748347342686,
      "p5": 0.45776236884000077,
      "p50": 0.7807748358958958,
      "p60": 0.7807748372167697,
      "p70": 0.7888672617501139,
      "p80": 0.7913725842022746,
      "p90": 0.7987706237396236,
      "p95": 0.8356861679956181,
      "p99": 0.9261470397879421
    },
    "n4": {
      "p1": 0.0,
      "p10": 0.0,
      "p20": 0.0,
      "p30": 0.0,
      "p40": 0.0,
      "p5": 0.0,
      "p50": 0.0,
      "p60": 0.0,
      "p70": 0.09,
      "p80": 0.15,
      "p90": 0.4,
      "p95": 0.45,
      "p99": 0.5
    }
  },
  "tier_2_mediterranean": {
    "m1": {
      "p1": 0.45776236700851103,
      "p10": 0.7622229875532884,
      "p20": 0.7622229890979775,
      "p30": 0.7622229901769882,
      "p40": 0.7684641266761162,
      "p5": 0.5219935438855885,
      "p50": 0.7807748346062896,
      "p60": 0.7807748358046381,
      "p70": 0.7807748383925764,
      "p80": 0.788867263650022,
      "p90": 0.8077660366993737,
      "p95": 0.8556221827601445,
      "p99": 1.0
    },
    "n4": {
      "p1": 0.0,
      "p10": 0.0,
      "p20": 0.0,
      "p30": 0.0,
      "p40": 0.0,
      "p5": 0.0,
      "p50": 0.0,
      "p60": 0.0,
      "p70": 0.0,
      "p80": 0.0,
      "p90": 0.15,
      "p95": 0.4,
      "p99": 0.45
    }
  },
  "tier_3_humid_temperate": {
    "m1": {
      "p1": 0.4577623665514912,
      "p10": 0.7619880754447494,
      "p20": 0.7622229889276073,
      "p30": 0.7622229901258771,
      "p40": 0.768464125669501,
      "p5": 0.5219935429755262,
      "p50": 0.7807748348282532,
      "p60": 0.7807748359387979,
      "p70": 0.7807748389677547,
      "p80": 0.7888672646844653,
      "p90": 0.807766036122931,
      "p95": 0.8356861679948397,
      "p99": 0.9628225014282196
    },
    "n4": {
      "p1": 0.0,
      "p10": 0.0,
      "p20": 0.0,
      "p30": 0.0,
      "p40": 0.0,
      "p5": 0.0,
      "p50": 0.0,
      "p60": 0.0,
      "p70": 0.0,
      "p80": 0.0,
      "p90": 0.15,
      "p95": 0.4,
      "p99": 0.45
    }
  },
  "tier_4_continental": {
    "m1": {
      "p1": 0.45776236648882157,
      "p10": 0.7622229877236586,
      "p20": 0.7622229890298294,
      "p30": 0.7622229900293341,
      "p40": 0.7684641237831263,
      "p5": 0.5219935435433429,
      "p50": 0.7807748347517203,
      "p60": 0.7807748358773534,
      "p70": 0.7846052853811619,
      "p80": 0.7951685880622259,
      "p90": 0.8077660389500395,
      "p95": 0.8955457598959168,
      "p99": 1.0
    },
    "n4": {
      "p1": 0.0,
      "p10": 0.0,
      "p20": 0.0,
      "p30": 0.0,
      "p40": 0.0,
      "p5": 0.0,
      "p50": 0.0,
      "p60": 0.0,
      "p70": 0.0,
      "p80": 0.0,
      "p90": 0.15,
      "p95": 0.4,
      "p99": 0.45
    }
  },
  "tier_5_boreal_polar": {
    "m1": {
      "p1": 0.4486216914590673,
      "p10": 0.7622229878322695,
      "p20": 0.7622229894557547,
      "p30": 0.7622229913191778,
      "p40": 0.7684641256505352,
      "p5": 0.4577623680687799,
      "p50": 0.7807748350992995,
      "p60": 0.7807748363369142,
      "p70": 0.7868257471696843,
      "p80": 0.798770619797814,
      "p90": 0.8204325400629363,
      "p95": 0.8995456085677036,
      "p99": 0.9980842204595796
    },
    "n4": {
      "p1": 0.0,
      "p10": 0.0,
      "p20": 0.0,
      "p30": 0.0,
      "p40": 0.0,
      "p5": 0.0,
      "p50": 0.0,
      "p60": 0.0,
      "p70": 0.0,
      "p80": 0.15,
      "p90": 0.15,
      "p95": 0.4,
      "p99": 0.45
    }
  },
  "tier_6_arid": {
    "m1": {
      "p1": 0.4577623691111431,
      "p10": 0.7622229884969791,
      "p20": 0.7622229897113099,
      "p30": 0.7684641232412611,
      "p40": 0.7807748341060081,
      "p5": 0.7619880721065243,
      "p50": 0.7807748353370786,
      "p60": 0.7807748364405336,
      "p70": 0.7868257481138367,
      "p80": 0.7888672639020207,
      "p90": 0.807766037057276,
      "p95": 0.8556221845825639,
      "p99": 0.9760230487737371
    },
    "n4": {
      "p1": 0.0,
      "p10": 0.0,
      "p20": 0.0,
      "p30": 0.0,
      "p40": 0.0,
      "p5": 0.0,
      "p50": 0.0,
      "p60": 0.0,
      "p70": 0.0,
      "p80": 0.0,
      "p90": 0.3,
      "p95": 0.45,
      "p99": 0.45
    }
  }
}