{
  "tier_1_tropical": {
    "m1": {
      "p1": 0.20661580265391835,
      "p10": 0.25756148244434807,
      "p20": 0.28472760743032005,
      "p30": 0.4154545571485045,
      "p40": 0.42838661057044486,
      "p5": 0.24954478885536793,
      "p50": 0.43780050319522335,
      "p60": 0.44715974756324445,
      "p70": 0.45753377130877004,
      "p80": 0.46917087460409745,
      "p90": 0.48623774114342533,
      "p95": 0.5014164864797882,
      "p99": 0.531872998774721
    },
    "n4": {
      "p1": 0.0,
      "p10": 0.014285714285714285,
      "p20": 0.02857142857142857,
      "p30": 0.04285714285714286,
      "p40": 0.05714285714285714,
      "p5": 0.004285714285714286,
      "p50": 0.07,
      "p60": 0.08809523809523809,
      "p70": 0.10428571428571429,
      "p80": 0.13000000000000003,
      "p90": 0.16571428571428573,
      "p95": 0.19952380952380955,
      "p99": 0.26428571428571435
    },
    "p1": {
      "p1": 0.0,
      "p10": 0.0,
      "p20": 0.0,
      "p30": 0.0,
      "p40": 0.0,
      "p5": 0.0,
      "p50": 0.0,
      "p60": 0.28571428571428575,
      "p70": 0.380952380952381,
      "p80": 0.5714285714285715,
      "p90": 1.142857142857143,
      "p95": 1.9047619047619047,
      "p99": 4.190476190476191
    },
    "p2": {
      "p1": 0.0,
      "p10": 0.0,
      "p20": 0.0,
      "p30": 0.0,
      "p40": 0.14285714285714288,
      "p5": 0.0,
      "p50": 0.42857142857142866,
      "p60": 0.6666666666666667,
      "p70": 1.142857142857143,
      "p80": 2.0,
      "p90": 3.8571428571428568,
      "p95": 8.071428571428573,
      "p99": 78.95238095238096
    },
    "p3": {
      "p1": 0.05714285714285714,
      "p10": 0.11428571428571428,
      "p20": 0.17142857142857143,
      "p30": 0.22857142857142856,
      "p40": 0.34285714285714286,
      "p5": 0.11428571428571428,
      "p50": 0.4571428571428572,
      "p60": 0.5714285714285714,
      "p70": 0.7714285714285714,
      "p80": 1.0857142857142856,
      "p90": 1.7714285714285711,
      "p95": 2.599999999999999,
      "p99": 5.228571428571428
    },
    "p5": {
      "p1": 0.0880757059429344,
      "p10": 0.20045964484458575,
      "p20": 0.26428157768005467,
      "p30": 0.31180558316243656,
      "p40": 0.35568328284097916,
      "p5": 0.1581611592772081,
      "p50": 0.3990803395635046,
      "p60": 0.44458914838553093,
      "p70": 0.4975959374240167,
      "p80": 0.5621058063766597,
      "p90": 0.6509510820702009,
      "p95": 0.7353086981856227,
      "p99": 0.8549284888887605
    },
    "p6": {
      "p1": 0.0,
      "p10": 0.0,
      "p20": 0.0,
      "p30": 0.0,
      "p40": 0.0,
      "p5": 0.0,
      "p50": 0.0,
      "p60": 0.0,
      "p70": 0.0,
      "p80": 0.0,
      "p90": 0.0,
      "p95": 0.0,
      "p99": 0.08163265306122448
    }
  },
  "tier_2_mediterranean": {
    "m1": {
      "p1": 0.20857055432636387,
      "p10": 0.27605073455705015,
      "p20": 0.3079885061325652,
      "p30": 0.4196707321370577,
      "p40": 0.43046908834122244,
      "p5": 0.25367698626429175,
      "p50": 0.4410691772340359,
      "p60": 0.45403375484787156,
      "p70": 0.46552950110433755,
      "p80": 0.4788878274700804,
      "p90": 0.5018270225210687,
      "p95": 0.5200510106214472,
      "p99": 0.5581628338722291
    },
    "n4": {
      "p1": 0.0,
      "p10": 0.0,
      "p20": 0.007142857142857143,
      "p30": 0.007142857142857143,
      "p40": 0.021428571428571425,
      "p5": 0.0,
      "p50": 0.021428571428571425,
      "p60": 0.04285714285714286,
      "p70": 0.06666666666666667,
      "p80": 0.0880952380952381,
      "p90": 0.11904761904761903,
      "p95": 0.14285714285714285,
      "p99": 0.21095238095238097
    },
    "p1": {
      "p1": 0.0,
      "p10": 0.0,
      "p20": 0.0,
      "p30": 0.0,
      "p40": 0.0,
      "p5": 0.0,
      "p50": 0.0,
      "p60": 0.0,
      "p70": 0.0,
      "p80": 0.0,
      "p90": 0.28571428571428575,
      "p95": 0.5714285714285714,
      "p99": 2.0
    },
    "p2": {
      "p1": 0.0,
      "p10": 0.0,
      "p20": 0.0,
      "p30": 0.0,
      "p40": 0.0,
      "p5": 0.0,
      "p50": 0.14285714285714288,
      "p60": 0.23809523809523808,
      "p70": 0.47619047619047616,
      "p80": 0.9523809523809523,
      "p90": 2.5714285714285716,
      "p95": 5.0,
      "p99": 40.42857142857143
    },
    "p3": {
      "p1": 0.0,
      "p10": 0.05714285714285714,
      "p20": 0.11428571428571428,
      "p30": 0.11428571428571428,
      "p40": 0.11428571428571428,
      "p5": 0.05714285714285714,
      "p50": 0.17142857142857143,
      "p60": 0.22857142857142856,
      "p70": 0.34285714285714286,
      "p80": 0.4571428571428572,
      "p90": 0.7428571428571428,
      "p95": 1.0857142857142856,
      "p99": 2.3142857142857136
    },
    "p5": {
      "p1": 0.0,
      "p10": 0.06,
      "p20": 0.12,
      "p30": 0.12,
      "p40": 0.1904856215874594,
      "p5": 0.06,
      "p50": 0.23208651601956423,
      "p60": 0.28012637544302427,
      "p70": 0.325185504164243,
      "p80": 0.3806501987210156,
      "p90": 0.45047349408254117,
      "p95": 0.518648255057377,
      "p99": 0.6561415177951906
    },
    "p6": {
      "p1": 0.0,
      "p10": 0.0,
      "p20": 0.0,
      "p30": 0.0,
      "p40": 0.0,
      "p5": 0.0,
      "p50": 0.0,
      "p60": 0.0,
      "p70": 0.0,
      "p80": 0.0,
      "p90": 0.08163265306122448,
      "p95": 0.16326530612244897,
      "p99": 0.7346938775510203
    }
  },
  "tier_3_humid_temperate": {
    "m1": {
      "p1": 0.20746073355743466,
      "p10": 0.26239528942107926,
      "p20": 0.29432920562363263,
      "p30": 0.4176487592067529,
      "p40": 0.42798586606389954,
      "p5": 0.25033316970036473,
      "p50": 0.43703326679319543,
      "p60": 0.44794670440741635,
      "p70": 0.45959045785359603,
      "p80": 0.47217893943763495,
      "p90": 0.49138686676822596,
      "p95": 0.5085725449281563,
      "p99": 0.5463238046264334
    },
    "n4": {
      "p1": 0.0,
      "p10": 0.0,
      "p20": 0.007142857142857143,
      "p30": 0.007142857142857143,
      "p40": 0.021428571428571425,
      "p5": 0.0,
      "p50": 0.04,
      "p60": 0.04904761904761905,
      "p70": 0.06666666666666667,
      "p80": 0.08523809523809524,
      "p90": 0.11761904761904761,
      "p95": 0.14809523809523809,
      "p99": 0.20238095238095238
    },
    "p1": {
      "p1": 0.0,
      "p10": 0.0,
      "p20": 0.0,
      "p30": 0.0,
      "p40": 0.0,
      "p5": 0.0,
      "p50": 0.0,
      "p60": 0.0,
      "p70": 0.0,
      "p80": 0.1904761904761905,
      "p90": 0.47619047619047616,
      "p95": 0.9523809523809523,
      "p99": 2.285714285714286
    },
    "p2": {
      "p1": 0.0,
      "p10": 0.0,
      "p20": 0.0,
      "p30": 0.0,
      "p40": 0.09523809523809525,
      "p5": 0.0,
      "p50": 0.23809523809523808,
      "p60": 0.380952380952381,
      "p70": 0.7142857142857142,
      "p80": 1.3571428571428572,
      "p90": 3.571428571428571,
      "p95": 7.523809523809524,
      "p99": 78.09523809523809
    },
    "p3": {
      "p1": 0.0,
      "p10": 0.05714285714285714,
      "p20": 0.11428571428571428,
      "p30": 0.17142857142857143,
      "p40": 0.17142857142857143,
      "p5": 0.05714285714285714,
      "p50": 0.2857142857142857,
      "p60": 0.34285714285714286,
      "p70": 0.4571428571428572,
      "p80": 0.6285714285714286,
      "p90": 0.9714285714285713,
      "p95": 1.4285714285714284,
      "p99": 3.0857142857142854
    },
    "p5": {
      "p1": 0.0,
      "p10": 0.12898842243758124,
      "p20": 0.2388835794833315,
      "p30": 0.29378249066668205,
      "p40": 0.34372521239372567,
      "p5": 0.06,
      "p50": 0.3841994007845737,
      "p60": 0.43299417331444245,
      "p70": 0.4797053640923465,
      "p80": 0.5383895036021602,
      "p90": 0.6257819874115083,
      "p95": 0.6956268463562725,
      "p99": 0.8799999999999999
    },
    "p6": {
      "p1": 0.0,
      "p10": 0.0,
      "p20": 0.0,
      "p30": 0.0,
      "p40": 0.0,
      "p5": 0.0,
      "p50": 0.0,
      "p60": 0.0,
      "p70": 0.0,