{
  "tier_1_tropical": {
    "m1": {
      "p01": 0.44862182801459605,
      "p05": 0.4577624030999788,
      "p10": 0.5155704576241316,
      "p20": 0.7622230878010692,
      "p30": 0.7622230878010692,
      "p40": 0.78077520521774,
      "p50": 0.78077520521774,
      "p60": 0.78077520521774,
      "p70": 0.7874385092192954,
      "p80": 0.7913728950385602,
      "p90": 0.8117880459898985,
      "p95": 0.8585989929496025,
      "p99": 1.0
    },
    "n4": {
      "p01": 0.0,
      "p05": 0.0,
      "p10": 0.0,
      "p20": 0.0,
      "p30": 0.0,
      "p40": 0.0,
      "p50": 0.0,
      "p60": 0.0,
      "p70": 0.08999999999999915,
      "p80": 0.3,
      "p90": 0.4,
      "p95": 0.5,
      "p99": 0.5
    },
    "p1": {
      "p01": 0.0,
      "p05": 0.0,
      "p10": 0.0,
      "p20": 0.0,
      "p30": 0.0,
      "p40": 0.0,
      "p50": 0.0,
      "p60": 0.0,
      "p70": 0.0,
      "p80": 0.0,
      "p90": 0.0,
      "p95": 0.0,
      "p99": 0.0
    },
    "p2": {
      "p01": 0.0,
      "p05": 0.0,
      "p10": 0.0,
      "p20": 0.0,
      "p30": 0.0,
      "p40": 0.0,
      "p50": 0.0,
      "p60": 0.0,
      "p70": 0.0,
      "p80": 0.0,
      "p90": 0.0,
      "p95": 0.0,
      "p99": 0.0
    },
    "p3": {
      "p01": 0.0,
      "p05": 0.0,
      "p10": 0.0,
      "p20": 0.0,
      "p30": 0.2,
      "p40": 0.2,
      "p50": 0.2,
      "p60": 0.2,
      "p70": 0.4,
      "p80": 0.4,
      "p90": 0.4600000000000051,
      "p95": 1.0,
      "p99": 4.030000000000015
    },
    "p5": {
      "p01": 0.11029563926573094,
      "p05": 0.16039728876250794,
      "p10": 0.18522637344931092,
      "p20": 0.23202446007846056,
      "p30": 0.2639985243500001,
      "p40": 0.35225243151231145,
      "p50": 0.389991844716102,
      "p60": 0.43374931433646763,
      "p70": 0.5468377579540175,
      "p80": 0.6493184489051178,
      "p90": 0.6880000000000006,
      "p95": 0.76,
      "p99": 0.76
    },
    "p6": {
      "p01": 0.0,
      "p05": 0.0,
      "p10": 0.0,
      "p20": 0.0,
      "p30": 0.0,
      "p40": 0.0,
      "p50": 0.0,
      "p60": 0.0,
      "p70": 0.0,
      "p80": 0.0,
      "p90": 0.0,
      "p95": 0.0,
      "p99": 1.0100000000000051
    }
  },
  "tier_2_mediterranean": {
    "m1": {
      "p01": 0.457670997349125,
      "p05": 0.4577624030999788,
      "p10": 0.5219935747934819,
      "p20": 0.7622230878010692,
      "p30": 0.7622230878010692,
      "p40": 0.770551335673106,
      "p50": 0.78077520521774,
      "p60": 0.78077520521774,
      "p70": 0.7868261162666482,
      "p80": 0.7936628338440166,
      "p90": 0.8077658920540062,
      "p95": 1.0,
      "p99": 1.0
    },
    "n4": {
      "p01": 0.0,
      "p05": 0.0,
      "p10": 0.0,
      "p20": 0.0,
      "p30": 0.0,
      "p40": 0.0,
      "p50": 0.0,
      "p60": 0.0,
      "p70": 0.0,
      "p80": 0.0,
      "p90": 0.15,
      "p95": 0.4,
      "p99": 0.4
    },
    "p1": {
      "p01": 0.0,
      "p05": 0.0,
      "p10": 0.0,
      "p20": 0.0,
      "p30": 0.0,
      "p40": 0.0,
      "p50": 0.0,
      "p60": 0.0,
      "p70": 0.0,
      "p80": 0.0,
      "p90": 0.0,
      "p95": 0.0,
      "p99": 0.0
    },
    "p2": {
      "p01": 0.0,
      "p05": 0.0,
      "p10": 0.0,
      "p20": 0.0,
      "p30": 0.0,
      "p40": 0.0,
      "p50": 0.0,
      "p60": 0.0,
      "p70": 0.0,
      "p80": 0.0,
      "p90": 0.0,
      "p95": 0.0,
      "p99": 0.0
    },
    "p3": {
      "p01": 0.0,
      "p05": 0.0,
      "p10": 0.0,
      "p20": 0.0,
      "p30": 0.0,
      "p40": 0.0,
      "p50": 0.2,
      "p60": 0.2,
      "p70": 0.2,
      "p80": 0.2,
      "p90": 0.4,
      "p95": 0.4,
      "p99": 2.1999999999999997
    },
    "p5": {
      "p01": 0.004466540822864016,
      "p05": 0.00598548261736237,
      "p10": 0.0764955784510051,
      "p20": 0.08452438749292551,
      "p30": 0.08761457921657863,
      "p40": 0.09695888355200002,
      "p50": 0.15399568189500001,
      "p60": 0.16683928997200004,
      "p70": 0.193113376105837,
      "p80": 0.2446379000760001,
      "p90": 0.41626236466620964,
      "p95": 0.6917330171965002,
      "p99": 0.76
    },
    "p6": {
      "p01": 0.0,
      "p05": 0.0,
      "p10": 0.0,
      "p20": 0.0,
      "p30": 0.0,
      "p40": 0.0,
      "p50": 0.0,
      "p60": 0.0,
      "p70": 0.0,
      "p80": 0.0,
      "p90": 0.0,
      "p95": 0.0,
      "p99": 0.010000000000005116
    }
  },
  "tier_3_humid_temperate": {
    "m1": {
      "p01": 0.4577624030999788,
      "p05": 0.5219935747934819,
      "p10": 0.7622230878010692,
      "p20": 0.7622230878010692,
      "p30": 0.7622230878010692,
      "p40": 0.7684644315718102,
      "p50": 0.78077520521774,
      "p60": 0.78077520521774,
      "p70": 0.7888674261088052,
      "p80": 0.7983104210152758,
      "p90": 0.808436440007985,
      "p95": 0.842800530981373,
      "p99": 1.0
    },
    "n4": {
      "p01": 0.0,
      "p05": 0.0,
      "p10": 0.0,
      "p20": 0.0,
      "p30": 0.0,
      "p40": 0.0,
      "p50": 0.0,
      "p60": 0.0,
      "p70": 0.0,
      "p80": 0.15,
      "p90": 0.4,
      "p95": 0.4,
      "p99": 0.45
    },
    "p1": {
      "p01": 0.0,
      "p05": 0.0,
      "p10": 0.0,
      "p20": 0.0,
      "p30": 0.0,
      "p40": 0.0,
      "p50": 0.0,
      "p60": 0.0,
      "p70": 0.0,
      "p80": 0.0,
      "p90": 0.0,
      "p95": 0.0,
      "p99": 0.0
    },
    "p2": {
      "p01": 0.0,
      "p05": 0.0,
      "p10": 0.0,
      "p20": 0.0,
      "p30": 0.0,
      "p40": 0.0,
      "p50": 0.0,
      "p60": 0.0,
      "p70": 0.0,
      "p80": 0.0,
      "p90": 0.0,
      "p95": 0.0,
      "p99": 0.0
    },
    "p3": {
      "p01": 0.0,
      "p05": 0.0,
      "p10": 0.0,
      "p20": 0.0,
      "p30": 0.0,
      "p40": 0.2,
      "p50": 0.2,
      "p60": 0.2,
      "p70": 0.2,
      "p80": 0.2,
      "p90": 0.4,
      "p95": 0.4,
      "p99": 0.4060000000000031
    },
    "p5": {
      "p01": 0.015233891416474713,
      "p05": 0.08313488182299042,
      "p10": 0.08435233278682563,
      "p20": 0.08955099014866076,
      "p30": 0.10340414612104422,
      "p40": 0.16042735233634145,
      "p50": 0.17754129640000002,
      "p60": 0.253627759432,
      "p70": 0.3564195177250002,
      "p80": 0.510598746160327,
      "p90": 0.634659914011,
      "p95": 0.76,
      "p99": 0.76
    },
    "p6": {
      "p01": 0.0,
      "p05": 0.0,
      "p10": 0.0,
      "p20": 0.0,
      "p30": 0.0,
      "p40": 0.0,
      "p50": 0.0,
      "p60": 0.0,
      "p70": 0.0,
      "p80": 0.0,
      "p90": 0.0,
      "p95": 0.0,
      "p99": 9.830000000000425
    }
  },
  "tier_4_continental": {
    "m1": {
      "p01": 0.4577624030999788,
      "p05": 0.7499886200177506,
      "p10": 0.7622230878010692,
      "p20": 0.7622230878010692,
      "p30": 0.7622230878010692,
      "p40": 0.7684644315718102,
      "p50": 0.78077520521774,
      "p60": 0.78077520521774,
      "p70": 0.7868261162666482,
      "p80": 0.8077658920540062,
      "p90": 0.8782514303283262,
      "p95": 1.0,
      "p99": 1.0
    },
    "n4": {
      "p01": 0.0,
      "p05": 0.0,
      "p10": 0.0,
      "p20": 0.0,
      "p30": 0.0,
      "p40": 0.0,
      "p50": 0.0,
      "p60": 0.0,
      "p70": 0.0,
      "p80": 0.0,
      "p90": 0.15,
      "p95": 0.15,
      "p99": 0.4
    },
    "p1": {
      "p01": 0.0,
      "p05": 0.0,
      "p10": 0.0,
      "p20": 0.0,
      "p30": 0.0,
      "p40": 0.0,
      "p50": 0.0,
      "p60": 0.0,
      "p70": 0.0,
      "p80": 0.0,
      "p90": 0.0,
      "p95": 0.0,
      "p99": 0.0
    },
    "p2": {
      "p01": 0.0,
      "p05": 0.0,
      "p10": 0.0,
      "p20": 0.0,
      "p30": 0.0,
      "p40": 0.0,
      "p50": 0.0,
      "p60": 0.0,
      "p70": 0.0,
      "p80": 0.0,
      "p90": 0.0,
      "p95": 0.0,
      "p99": 0.0
    },
    "p3": {
      "p01": 0.0,
      "p05": 0.0,
      "p10": 0.0,
      "p20": 0.0,
      "p30": 0.2,
      "p40": 0.2,
      "p50": 0.2,
      "p60": 0.2,
      "p70": 0.2,
      "p80": 0.4,
      "p90": 0.4600000000000051,
      "p95": 1.0,