{
  "tier_1_tropical": {
    "m1": {
      "p01": 0.24628673216412184,
      "p05": 0.25548732090919296,
      "p10": 0.2615152223177018,
      "p20": 0.293790046523704,
      "p30": 0.420552443133533,
      "p40": 0.42747974385249626,
      "p50": 0.4402469976773483,
      "p60": 0.4492392810263331,
      "p70": 0.46236196653295536,
      "p80": 0.472035673217096,
      "p90": 0.5017086684009724,
      "p95": 0.5167161547481085,
      "p99": 0.5307212207438782
    },
    "n4": {
      "p01": 0.0,
      "p05": 0.013571428571428573,
      "p10": 0.032857142857142856,
      "p20": 0.05238095238095238,
      "p30": 0.06190476190476191,
      "p40": 0.09047619047619047,
      "p50": 0.11428571428571428,
      "p60": 0.1257142857142857,
      "p70": 0.14285714285714285,
      "p80": 0.17571428571428574,
      "p90": 0.21904761904761907,
      "p95": 0.258095238095238,
      "p99": 0.38185714285714323
    },
    "p1": {
      "p01": 0.0,
      "p05": 0.0,
      "p10": 0.0,
      "p20": 0.0,
      "p30": 0.0,
      "p40": 0.0,
      "p50": 0.0,
      "p60": 0.0,
      "p70": 0.0,
      "p80": 0.0,
      "p90": 0.0,
      "p95": 0.0,
      "p99": 0.0
    },
    "p2": {
      "p01": 0.0,
      "p05": 0.0,
      "p10": 0.0,
      "p20": 0.0,
      "p30": 0.0,
      "p40": 0.0,
      "p50": 0.0,
      "p60": 0.0,
      "p70": 0.0,
      "p80": 0.0,
      "p90": 0.0,
      "p95": 0.0,
      "p99": 0.0
    },
    "p3": {
      "p01": 0.05714285714285714,
      "p05": 0.11142857142857143,
      "p10": 0.16571428571428573,
      "p20": 0.22857142857142856,
      "p30": 0.28571428571428575,
      "p40": 0.34285714285714286,
      "p50": 0.4571428571428572,
      "p60": 0.5714285714285714,
      "p70": 0.7028571428571426,
      "p80": 0.9485714285714286,
      "p90": 1.4285714285714284,
      "p95": 2.1371428571428552,
      "p99": 2.804857142857145
    },
    "p5": {
      "p01": 0.5233406636564,
      "p05": 0.6799999999999999,
      "p10": 0.7400736959907495,
      "p20": 0.76,
      "p30": 0.7815186955416616,
      "p40": 0.84,
      "p50": 0.84,
      "p60": 0.84,
      "p70": 0.8404238980395,
      "p80": 0.92,
      "p90": 0.92,
      "p95": 1.0,
      "p99": 1.0
    },
    "p6": {
      "p01": 0.0,
      "p05": 0.0,
      "p10": 0.0,
      "p20": 0.0,
      "p30": 0.0,
      "p40": 0.0,
      "p50": 0.0,
      "p60": 0.0,
      "p70": 0.0,
      "p80": 0.0,
      "p90": 0.1527207096642425,
      "p95": 0.16035674514745418,
      "p99": 0.4612165431860139
    }
  },
  "tier_2_mediterranean": {
    "m1": {
      "p01": 0.21477407418550512,
      "p05": 0.24997717474261152,
      "p10": 0.276796642018787,
      "p20": 0.411595067175818,
      "p30": 0.42536366892865496,
      "p40": 0.4374136859137939,
      "p50": 0.4472639038654287,
      "p60": 0.45944977725677305,
      "p70": 0.46688950243512845,
      "p80": 0.4915825092205847,
      "p90": 0.5100377787145615,
      "p95": 0.5296392146581996,
      "p99": 0.5577906332514153
    },
    "n4": {
      "p01": 0.0,
      "p05": 0.0,
      "p10": 0.0,
      "p20": 0.007142857142857143,
      "p30": 0.021428571428571425,
      "p40": 0.021428571428571425,
      "p50": 0.021428571428571425,
      "p60": 0.04285714285714286,
      "p70": 0.06666666666666667,
      "p80": 0.08142857142857142,
      "p90": 0.10714285714285712,
      "p95": 0.14999999999999997,
      "p99": 0.17871428571428577
    },
    "p1": {
      "p01": 0.0,
      "p05": 0.0,
      "p10": 0.0,
      "p20": 0.0,
      "p30": 0.0,
      "p40": 0.0,
      "p50": 0.0,
      "p60": 0.0,
      "p70": 0.0,
      "p80": 0.0,
      "p90": 0.0,
      "p95": 0.0,
      "p99": 0.0
    },
    "p2": {
      "p01": 0.0,
      "p05": 0.0,
      "p10": 0.0,
      "p20": 0.0,
      "p30": 0.0,
      "p40": 0.0,
      "p50": 0.0,
      "p60": 0.0,
      "p70": 0.0,
      "p80": 0.0,
      "p90": 0.0,
      "p95": 0.0,
      "p99": 0.0
    },
    "p3": {
      "p01": 0.0,
      "p05": 0.05714285714285714,
      "p10": 0.05714285714285714,
      "p20": 0.11428571428571428,
      "p30": 0.11428571428571428,
      "p40": 0.17142857142857143,
      "p50": 0.22857142857142856,
      "p60": 0.3085714285714285,
      "p70": 0.3599999999999998,
      "p80": 0.4571428571428572,
      "p90": 0.6857142857142857,
      "p95": 0.8599999999999997,
      "p99": 1.490857142857145
    },
    "p5": {
      "p01": 0.09620940448758825,
      "p05": 0.16307236751037493,
      "p10": 0.17840778455200001,
      "p20": 0.256508617352,
      "p30": 0.28362428661465255,
      "p40": 0.34514352854600006,
      "p50": 0.43709999999999993,
      "p60": 0.5607729497855943,
      "p70": 0.7328038667178735,
      "p80": 0.84,
      "p90": 0.84,
      "p95": 0.92,
      "p99": 0.9208000000000004
    },
    "p6": {
      "p01": 0.0,
      "p05": 0.0,
      "p10": 0.0,
      "p20": 0.0,
      "p30": 0.0,
      "p40": 0.0,
      "p50": 0.0,
      "p60": 0.0,
      "p70": 0.0,
      "p80": 0.030544141932848934,
      "p90": 0.1527207096642425,
      "p95": 0.43453034656177164,
      "p99": 0.9270147076619574
    }
  },
  "tier_3_humid_temperate": {
    "m1": {
      "p01": 0.16314777218909723,
      "p05": 0.24384081301154337,
      "p10": 0.2538354917939877,
      "p20": 0.281138962736976,
      "p30": 0.41783429325952054,
      "p40": 0.42848860647532006,
      "p50": 0.4370257182978056,
      "p60": 0.45213792813538084,
      "p70": 0.4637470812080357,
      "p80": 0.4819892769452561,
      "p90": 0.4986024431616075,
      "p95": 0.5042612828468023,
      "p99": 0.5379769624114499
    },
    "n4": {
      "p01": 0.0,
      "p05": 0.0,
      "p10": 0.0,
      "p20": 0.007142857142857143,
      "p30": 0.021428571428571425,
      "p40": 0.04285714285714286,
      "p50": 0.05952380952380952,
      "p60": 0.0738095238095238,
      "p70": 0.09047619047619047,
      "p80": 0.10952380952380955,
      "p90": 0.1335714285714286,
      "p95": 0.17178571428571424,
      "p99": 0.20785714285714324
    },
    "p1": {
      "p01": 0.0,
      "p05": 0.0,
      "p10": 0.0,
      "p20": 0.0,
      "p30": 0.0,
      "p40": 0.0,
      "p50": 0.0,
      "p60": 0.0,
      "p70": 0.0,
      "p80": 0.0,
      "p90": 0.0,
      "p95": 0.0,
      "p99": 0.0
    },
    "p2": {
      "p01": 0.0,
      "p05": 0.0,
      "p10": 0.0,
      "p20": 0.0,
      "p30": 0.0,
      "p40": 0.0,
      "p50": 0.0,
      "p60": 0.0,
      "p70": 0.0,
      "p80": 0.0,
      "p90": 0.0,
      "p95": 0.0,
      "p99": 0.0
    },
    "p3": {
      "p01": 0.05714285714285714,
      "p05": 0.11142857142857143,
      "p10": 0.11428571428571428,
      "p20": 0.16000000000000003,
      "p30": 0.17142857142857143,
      "p40": 0.17142857142857143,
      "p50": 0.2857142857142857,
      "p60": 0.39999999999999997,
      "p70": 0.46571428571428564,
      "p80": 0.6628571428571428,
      "p90": 0.9714285714285713,
      "p95": 1.5199999999999978,
      "p99": 6.773142857142876
    },
    "p5": {
      "p01": 0.1915289051938,
      "p05": 0.2608184850995,
      "p10": 0.30196222511099996,
      "p20": 0.43784000000000006,
      "p30": 0.5062540011220001,
      "p40": 0.63049280096,
      "p50": 0.752301380374934,
      "p60": 0.7760653736521882,
      "p70": 0.8384999999999999,
      "p80": 0.84,
      "p90": 0.92,
      "p95": 0.92,
      "p99": 1.0
    },
    "p6": {
      "p01": 0.0,
      "p05": 0.0,
      "p10": 0.0,
      "p20": 0.0,
      "p30": 0.0,
      "p40": 0.0,
      "p50": 0.0,
      "p60": 0.0,
      "p70": 0.0,
      "p80": 0.1527207096642425,
      "p90": 0.16799278063066805,
      "p95": 0.777631841264954,
      "p99": 1.9821233201390558
    }
  },
  "tier_4_continental": {
    "m1": {
      "p01": 0.2082396735118104,
      "p05": 0.2575049406919693,
      "p10": 0.27439912335909594,
      "p20": 0.4196867155657563,
      "p30": 0.4286793918552546,
      "p40": 0.4448989008721868,
      "p50": 0.45562008799883247,
      "p60": 0.46915056118748455,
      "p70": 0.47864292206602405,
      "p80": 0.49127251744066813,