{
  "tier_1_tropical": {
    "m1": {
      "p1": 0.45776236676976934,
      "p10": 0.7619880724063544,
      "p20": 0.7622229885073611,
      "p30": 0.7622229905518024,
      "p40": 0.7807748347109996,
      "p5": 0.457762368652418,
      "p50": 0.7807748358700819,
      "p60": 0.7807748372065896,
      "p70": 0.7888672617221957,
      "p80": 0.7913725834726217,
      "p90": 0.7987706213808611,
      "p95": 0.8356861675037367,
      "p99": 0.9261470391531115
    },
    "n4": {
      "p1": 0.0,
      "p10": 0.0,
      "p20": 0.0,
      "p30": 0.0,
      "p40": 0.0,
      "p5": 0.0,
      "p50": 0.0,
      "p60": 0.0,
      "p70": 0.09,
      "p80": 0.15,
      "p90": 0.4,
      "p95": 0.45,
      "p99": 0.5
    }
  },
  "tier_2_mediterranean": {
    "m1": {
      "p1": 0.4577623668686766,
      "p10": 0.7622229875115832,
      "p20": 0.7622229890752614,
      "p30": 0.7622229901429142,
      "p40": 0.7684641255997214,
      "p5": 0.5219935438078055,
      "p50": 0.7807748346508278,
      "p60": 0.7807748358344514,
      "p70": 0.7807748385736376,
      "p80": 0.7888672638028376,
      "p90": 0.8077660366548005,
      "p95": 0.8556221841263614,
      "p99": 1.0
    },
    "n4": {
      "p1": 0.0,
      "p10": 0.0,
      "p20": 0.0,
      "p30": 0.0,
      "p40": 0.0,
      "p5": 0.0,
      "p50": 0.0,
      "p60": 0.0,
      "p70": 0.0,
      "p80": 0.0,
      "p90": 0.15,
      "p95": 0.4,
      "p99": 0.45
    }
  },
  "tier_3_humid_temperate": {
    "m1": {
      "p1": 0.4577623666606303,
      "p10": 0.7619880754021701,
      "p20": 0.7622229889389653,
      "p30": 0.7622229900690871,
      "p40": 0.768464124969916,
      "p5": 0.5219935430221961,
      "p50": 0.7807748348182547,
      "p60": 0.7807748359737012,
      "p70": 0.7825777083023628,
      "p80": 0.7888672645904251,
      "p90": 0.8077660361778481,
      "p95": 0.8356861673340688,
      "p99": 0.9559356418471497
    },
    "n4": {
      "p1": 0.0,
      "p10": 0.0,
      "p20": 0.0,
      "p30": 0.0,
      "p40": 0.0,
      "p5": 0.0,
      "p50": 0.0,
      "p60": 0.0,
      "p70": 0.0,
      "p80": 0.0,
      "p90": 0.15,
      "p95": 0.4,
      "p99": 0.45
    }
  },
  "tier_4_continental": {
    "m1": {
      "p1": 0.45776236663995357,
      "p10": 0.7622229877165598,
      "p20": 0.7622229890071134,
      "p30": 0.7622229900250749,
      "p40": 0.7684641237618346,
      "p5": 0.5219935436989092,
      "p50": 0.7807748346877308,
      "p60": 0.7807748358511759,
      "p70": 0.7844524421548092,
      "p80": 0.7932862677614315,
      "p90": 0.8110982444421203,
      "p95": 0.891131760253915,
      "p99": 0.9903318065938488
    },
    "n4": {
      "p1": 0.0,
      "p10": 0.0,
      "p20": 0.0,
      "p30": 0.0,
      "p40": 0.0,
      "p5": 0.0,
      "p50": 0.0,
      "p60": 0.0,
      "p70": 0.0,
      "p80": 0.0,
      "p90": 0.15,
      "p95": 0.4,
      "p99": 0.45
    }
  },
  "tier_5_boreal_polar": {
    "m1": {
      "p1": 0.45776236473002013,
      "p10": 0.7622229879312972,
      "p20": 0.7622229894614337,
      "p30": 0.7622229913383445,
      "p40": 0.7684641254394073,
      "p5": 0.45776236840685514,
      "p50": 0.7807748350774849,
      "p60": 0.780774836293285,
      "p70": 0.7844524443056317,
      "p80": 0.7987706196668853,
      "p90": 0.8251832261686689,
      "p95": 0.8995456087327437,
      "p99": 0.9945315785482787
    },
    "n4": {
      "p1": 0.0,
      "p10": 0.0,
      "p20": 0.0,
      "p30": 0.0,
      "p40": 0.0,
      "p5": 0.0,
      "p50": 0.0,
      "p60": 0.0,
      "p70": 0.0,
      "p80": 0.15,
      "p90": 0.15,
      "p95": 0.4,
      "p99": 0.45
    }
  },
  "tier_6_arid": {
    "m1": {
      "p1": 0.45776236936182185,
      "p10": 0.7622229885393055,
      "p20": 0.7622229897837172,
      "p30": 0.768464123630148,
      "p40": 0.7807748340965551,
      "p5": 0.7619880724244505,
      "p50": 0.7807748353567117,
      "p60": 0.7807748364354435,
      "p70": 0.7868257478822754,
      "p80": 0.7888672637910825,
      "p90": 0.8077660371128516,
      "p95": 0.8556221854806254,
      "p99": 0.9760317259509844
    },
    "n4": {
      "p1": 0.0,
      "p10": 0.0,
      "p20": 0.0,
      "p30": 0.0,
      "p40": 0.0,
      "p5": 0.0,
      "p50": 0.0,
      "p60": 0.0,
      "p70": 0.0,
      "p80": 0.0,
      "p90": 0.3,
      "p95": 0.45,
      "p99": 0.45
    }
  }
}