{
  "tier_1_tropical": {
    "m1": {
      "p1": 0.45776236674248455,
      "p10": 0.7619880728332128,
      "p20": 0.762222988461929,
      "p30": 0.7622229906199505,
      "p40": 0.7807748346924572,
      "p5": 0.45776236859784847,
      "p50": 0.780774835827907,
      "p60": 0.7807748371324199,
      "p70": 0.78886726171191,
      "p80": 0.7913725819735166,
      "p90": 0.798770621398715,
      "p95": 0.8340729583285742,
      "p99": 0.9261470391255101
    },
    "n4": {
      "p1": 0.0,
      "p10": 0.0,
      "p20": 0.0,
      "p30": 0.0,
      "p40": 0.0,
      "p5": 0.0,
      "p50": 0.0,
      "p60": 0.0,
      "p70": 0.09,
      "p80": 0.15,
      "p90": 0.4,
      "p95": 0.45,
      "p99": 0.5
    }
  },
  "tier_2_mediterranean": {
    "m1": {
      "p1": 0.45776236693006733,
      "p10": 0.7622229874084738,
      "p20": 0.7622229890849335,
      "p30": 0.7622229901429142,
      "p40": 0.7698207991194596,
      "p5": 0.5219935437599202,
      "p50": 0.780774834639375,
      "p60": 0.7807748358878063,
      "p70": 0.7807748388994022,
      "p80": 0.7888672640261832,
      "p90": 0.8077660366991857,
      "p95": 0.8535963939916315,
      "p99": 1.0
    },
    "n4": {
      "p1": 0.0,
      "p10": 0.0,
      "p20": 0.0,
      "p30": 0.0,
      "p40": 0.0,
      "p5": 0.0,
      "p50": 0.0,
      "p60": 0.0,
      "p70": 0.0,
      "p80": 0.0,
      "p90": 0.15,
      "p95": 0.4,
      "p99": 0.45
    }
  },
  "tier_3_humid_temperate": {
    "m1": {
      "p1": 0.45776236668024123,
      "p10": 0.7619880753008665,
      "p20": 0.7622229889135873,
      "p30": 0.7622229900616334,
      "p40": 0.7684641288432194,
      "p5": 0.5219935430999793,
      "p50": 0.780774834821527,
      "p60": 0.7807748359907893,
      "p70": 0.7825777059700996,
      "p80": 0.788867264756465,
      "p90": 0.8077660363410952,
      "p95": 0.8356861681637294,
      "p99": 0.958577757368698
    },
    "n4": {
      "p1": 0.0,
      "p10": 0.0,
      "p20": 0.0,
      "p30": 0.0,
      "p40": 0.0,
      "p5": 0.0,
      "p50": 0.0,
      "p60": 0.0,
      "p70": 0.0,
      "p80": 0.0,
      "p90": 0.15,
      "p95": 0.4,
      "p99": 0.45
    }
  },
  "tier_4_continental": {
    "m1": {
      "p1": 0.4577623664559946,
      "p10": 0.7622229877350166,
      "p20": 0.7622229890525454,
      "p30": 0.7622229900571967,
      "p40": 0.7684641238296461,
      "p5": 0.5219935436838387,
      "p50": 0.7807748347240884,
      "p60": 0.7807748358853521,
      "p70": 0.7844524421635761,
      "p80": 0.7932862676262302,
      "p90": 0.8077660386792149,
      "p95": 0.8752027996386054,
      "p99": 0.9933280083066681
    },
    "n4": {
      "p1": 0.0,
      "p10": 0.0,
      "p20": 0.0,
      "p30": 0.0,
      "p40": 0.0,
      "p5": 0.0,
      "p50": 0.0,
      "p60": 0.0,
      "p70": 0.0,
      "p80": 0.0,
      "p90": 0.15,
      "p95": 0.4,
      "p99": 0.45
    }
  },
  "tier_5_boreal_polar": {
    "m1": {
      "p1": 0.45776236475069687,
      "p10": 0.7622229879410579,
      "p20": 0.7622229894653381,
      "p30": 0.7622229914428736,
      "p40": 0.7684641259432516,
      "p5": 0.45776236840685514,
      "p50": 0.780774835116024,
      "p60": 0.7807748363863607,
      "p70": 0.7868257479408985,
      "p80": 0.7987706202203566,
      "p90": 0.8271521822790184,
      "p95": 0.9033550032324564,
      "p99": 0.9903318065246749
    },
    "n4": {
      "p1": 0.0,
      "p10": 0.0,
      "p20": 0.0,
      "p30": 0.0,
      "p40": 0.0,
      "p5": 0.0,
      "p50": 0.0,
      "p60": 0.0,
      "p70": 0.0,
      "p80": 0.15,
      "p90": 0.15,
      "p95": 0.4,
      "p99": 0.45
    }
  },
  "tier_6_arid": {
    "m1": {
      "p1": 0.45776236922539804,
      "p10": 0.7622229885527931,
      "p20": 0.7622229897663252,
      "p30": 0.768464123607246,
      "p40": 0.7807748341583632,
      "p5": 0.7619880705623113,
      "p50": 0.7807748353523488,
      "p60": 0.7807748364096296,
      "p70": 0.7868257478119278,
      "p80": 0.7888672634432068,
      "p90": 0.8077660368895152,
      "p95": 0.855622184020379,
      "p99": 0.973145013708399
    },
    "n4": {
      "p1": 0.0,
      "p10": 0.0,
      "p20": 0.0,
      "p30": 0.0,
      "p40": 0.0,
      "p5": 0.0,
      "p50": 0.0,
      "p60": 0.0,
      "p70": 0.0,
      "p80": 0.0,
      "p90": 0.3,
      "p95": 0.45,
      "p99": 0.45
    }
  }
}