{
  "tier_1_tropical": {
    "m1": {
      "p1": 0.20654133767603683,
      "p10": 0.2573934467424674,
      "p20": 0.28530787043146005,
      "p30": 0.41545455744372617,
      "p40": 0.42823221859357596,
      "p5": 0.24958325086646313,
      "p50": 0.43722181021964207,
      "p60": 0.4467880447766944,
      "p70": 0.45703183318504914,
      "p80": 0.46909008316636935,
      "p90": 0.48643343275319273,
      "p95": 0.5017666150486159,
      "p99": 0.5313992409755851
    },
    "n4": {
      "p1": 0.0,
      "p10": 0.014285714285714285,
      "p20": 0.02857142857142857,
      "p30": 0.04428571428571428,
      "p40": 0.05714285714285714,
      "p5": 0.004285714285714286,
      "p50": 0.07,
      "p60": 0.08714285714285716,
      "p70": 0.10428571428571429,
      "p80": 0.13047619047619047,
      "p90": 0.16523809523809524,
      "p95": 0.19809523809523802,
      "p99": 0.2557142857142858
    },
    "p1": {
      "p1": 0.0,
      "p10": 0.0,
      "p20": 0.0,
      "p30": 0.0,
      "p40": 0.0,
      "p5": 0.0,
      "p50": 0.0,
      "p60": 0.28571428571428575,
      "p70": 0.380952380952381,
      "p80": 0.5714285714285715,
      "p90": 1.142857142857143,
      "p95": 1.9047619047619047,
      "p99": 3.8095238095238093
    },
    "p2": {
      "p1": 0.0,
      "p10": 0.0,
      "p20": 0.0,
      "p30": 0.0,
      "p40": 0.1904761904761905,
      "p5": 0.0,
      "p50": 0.5714285714285715,
      "p60": 0.9523809523809523,
      "p70": 1.523809523809524,
      "p80": 2.4761904761904763,
      "p90": 4.523809523809524,
      "p95": 9.14285714285714,
      "p99": 79.04761904761905
    },
    "p3": {
      "p1": 0.05714285714285714,
      "p10": 0.11428571428571428,
      "p20": 0.17142857142857143,
      "p30": 0.22857142857142856,
      "p40": 0.34285714285714286,
      "p5": 0.11428571428571428,
      "p50": 0.4571428571428572,
      "p60": 0.5714285714285714,
      "p70": 0.8,
      "p80": 1.0857142857142856,
      "p90": 1.714285714285714,
      "p95": 2.5714285714285707,
      "p99": 5.057142857142856
    },
    "p5": {
      "p1": 0.09475363088314602,
      "p10": 0.20039672968519173,
      "p20": 0.2635176450169141,
      "p30": 0.3106576553003735,
      "p40": 0.35591855338590184,
      "p5": 0.15665076215960042,
      "p50": 0.399894994673642,
      "p60": 0.44687521680908276,
      "p70": 0.4985589849826991,
      "p80": 0.563482097406113,
      "p90": 0.6600890444851688,
      "p95": 0.7468218550155807,
      "p99": 0.8669625956693563
    },
    "p6": {
      "p1": 0.0,
      "p10": 0.0,
      "p20": 0.0,
      "p30": 0.0,
      "p40": 0.0,
      "p5": 0.0,
      "p50": 0.0,
      "p60": 0.0,
      "p70": 0.0,
      "p80": 0.0,
      "p90": 0.0,
      "p95": 0.0,
      "p99": 0.08163265306122448
    }
  },
  "tier_2_mediterranean": {
    "m1": {
      "p1": 0.20907608520668877,
      "p10": 0.2769529999807122,
      "p20": 0.309202369863499,
      "p30": 0.420098809438062,
      "p40": 0.43087312548474743,
      "p5": 0.2535747258282166,
      "p50": 0.44233243924942006,
      "p60": 0.4547062354865341,
      "p70": 0.4658886396670388,
      "p80": 0.47901451357805014,
      "p90": 0.5014613242818367,
      "p95": 0.5195196722310617,
      "p99": 0.5579306396720649
    },
    "n4": {
      "p1": 0.0,
      "p10": 0.0,
      "p20": 0.007142857142857143,
      "p30": 0.007142857142857143,
      "p40": 0.021428571428571425,
      "p5": 0.0,
      "p50": 0.021428571428571425,
      "p60": 0.04285714285714286,
      "p70": 0.0661904761904762,
      "p80": 0.0880952380952381,
      "p90": 0.11666666666666665,
      "p95": 0.14285714285714285,
      "p99": 0.21904761904761907
    },
    "p1": {
      "p1": 0.0,
      "p10": 0.0,
      "p20": 0.0,
      "p30": 0.0,
      "p40": 0.0,
      "p5": 0.0,
      "p50": 0.0,
      "p60": 0.0,
      "p70": 0.0,
      "p80": 0.0,
      "p90": 0.28571428571428575,
      "p95": 0.47619047619047616,
      "p99": 1.9047619047619047
    },
    "p2": {
      "p1": 0.0,
      "p10": 0.0,
      "p20": 0.0,
      "p30": 0.0,
      "p40": 0.0,
      "p5": 0.0,
      "p50": 0.14285714285714288,
      "p60": 0.23809523809523808,
      "p70": 0.5714285714285714,
      "p80": 1.142857142857143,
      "p90": 2.8571428571428568,
      "p95": 5.142857142857144,
      "p99": 39.61904761904762
    },
    "p3": {
      "p1": 0.0,
      "p10": 0.05714285714285714,
      "p20": 0.11428571428571428,
      "p30": 0.11428571428571428,
      "p40": 0.11428571428571428,
      "p5": 0.05714285714285714,
      "p50": 0.17142857142857143,
      "p60": 0.22857142857142856,
      "p70": 0.34285714285714286,
      "p80": 0.4571428571428572,
      "p90": 0.7428571428571428,
      "p95": 1.0857142857142856,
      "p99": 2.342857142857142
    },
    "p5": {
      "p1": 0.0,
      "p10": 0.06,
      "p20": 0.12,
      "p30": 0.12,
      "p40": 0.18541368629026903,
      "p5": 0.06,
      "p50": 0.2292733262672304,
      "p60": 0.27972624069421115,
      "p70": 0.3237863172066488,
      "p80": 0.3810046832761035,
      "p90": 0.450715393304198,
      "p95": 0.5182627321878183,
      "p99": 0.6631858925202607
    },
    "p6": {
      "p1": 0.0,
      "p10": 0.0,
      "p20": 0.0,
      "p30": 0.0,
      "p40": 0.0,
      "p5": 0.0,
      "p50": 0.0,
      "p60": 0.0,
      "p70": 0.0,
      "p80": 0.0,
      "p90": 0.08163265306122448,
      "p95": 0.16326530612244897,
      "p99": 0.6530612244897959
    }
  },
  "tier_3_humid_temperate": {
    "m1": {
      "p1": 0.2068890317519796,
      "p10": 0.26254286778358,
      "p20": 0.2935049283601502,
      "p30": 0.41799751445541156,
      "p40": 0.4284140995777762,
      "p5": 0.2499627195507726,
      "p50": 0.43744823160478785,
      "p60": 0.448772595170478,
      "p70": 0.460378614437592,
      "p80": 0.4728697699890008,
      "p90": 0.49279944665497943,
      "p95": 0.5107737086725531,
      "p99": 0.5470630673540057
    },
    "n4": {
      "p1": 0.0,
      "p10": 0.0,
      "p20": 0.007142857142857143,
      "p30": 0.007142857142857143,
      "p40": 0.021428571428571425,
      "p5": 0.0,
      "p50": 0.03761904761904762,
      "p60": 0.047619047619047616,
      "p70": 0.06666666666666667,
      "p80": 0.08476190476190477,
      "p90": 0.1157142857142857,
      "p95": 0.1476190476190476,
      "p99": 0.20428571428571432
    },
    "p1": {
      "p1": 0.0,
      "p10": 0.0,
      "p20": 0.0,
      "p30": 0.0,
      "p40": 0.0,
      "p5": 0.0,
      "p50": 0.0,
      "p60": 0.0,
      "p70": 0.0,
      "p80": 0.1904761904761905,
      "p90": 0.47619047619047616,
      "p95": 0.9523809523809523,
      "p99": 2.380952380952381
    },
    "p2": {
      "p1": 0.0,
      "p10": 0.0,
      "p20": 0.0,
      "p30": 0.0,
      "p40": 0.14285714285714288,
      "p5": 0.0,
      "p50": 0.23809523809523808,
      "p60": 0.42857142857142866,
      "p70": 0.8571428571428573,
      "p80": 1.6666666666666674,
      "p90": 4.0476190476190474,
      "p95": 8.38095238095238,
      "p99": 78.28571428571428
    },
    "p3": {
      "p1": 0.0,
      "p10": 0.11428571428571428,
      "p20": 0.11428571428571428,
      "p30": 0.17142857142857143,
      "p40": 0.17142857142857143,
      "p5": 0.05714285714285714,
      "p50": 0.2857142857142857,
      "p60": 0.34285714285714286,
      "p70": 0.4571428571428572,
      "p80": 0.6285714285714286,
      "p90": 0.9999999999999999,
      "p95": 1.4571428571428569,
      "p99": 2.9714285714285706
    },
    "p5": {
      "p1": 0.06,
      "p10": 0.13366630350577213,
      "p20": 0.23893439551039408,
      "p30": 0.2969168928799727,
      "p40": 0.34371232851667255,
      "p5": 0.06,
      "p50": 0.3841215420257442,
      "p60": 0.43200903372257704,
      "p70": 0.48050941977817346,
      "p80": 0.5385608696668193,
      "p90": 0.6234850324865061,
      "p95": 0.6966038903641292,
      "p99": 0.8356950969061365
    },
    "p6": {
      "p1": 0.0,
      "p10": 0.0,
      "p20": 0.0,
      "p30": 0.0,
      "p40": 0.0,
      "p5": 0.0,
      "p50": 0.0,
      "p60": 0.0,