"metric","value"
"cv_mean",0.301333268573083
"cv_sd",0.0939670961783937
"rmse_mean",1.25470952567503
"rmse_sd",0.0977358694034769
