A,B,n,family,rho,loglik,AIC
T,R,1049,gaussian,0.32823836213064267,59.791424545123974,-117.58284909024795
L,M,1063,gaussian,-0.278946081867606,43.053976792931024,-84.10795358586205
