{
  "tier_1_tropical": {
    "m1": {
      "p1": 0.45776236676976934,
      "p10": 0.7619880736507373,
      "p20": 0.7622229885982251,
      "p30": 0.7622229906932452,
      "p40": 0.7807748347997123,
      "p5": 0.4577623691708285,
      "p50": 0.7807748358977137,
      "p60": 0.7807748372705791,
      "p70": 0.7888672618533379,
      "p80": 0.7913725842564459,
      "p90": 0.800678315008591,
      "p95": 0.8356861678648648,
      "p99": 0.9406171042266224
    },
    "n4": {
      "p1": 0.0,
      "p10": 0.0,
      "p20": 0.0,
      "p30": 0.0,
      "p40": 0.0,
      "p5": 0.0,
      "p50": 0.0,
      "p60": 0.0,
      "p70": 0.0,
      "p80": 0.15,
      "p90": 0.45,
      "p95": 0.45,
      "p99": 0.5
    }
  },
  "tier_2_mediterranean": {
    "m1": {
      "p1": 0.4577623670630806,
      "p10": 0.7622229876306649,
      "p20": 0.7622229890979775,
      "p30": 0.7622229901791178,
      "p40": 0.7684641254165053,
      "p5": 0.5219935438855885,
      "p50": 0.7807748345321199,
      "p60": 0.7807748358046381,
      "p70": 0.7807748379831891,
      "p80": 0.7888672635736143,
      "p90": 0.8077660368947812,
      "p95": 0.8510237078861562,
      "p99": 1.0
    },
    "n4": {
      "p1": 0.0,
      "p10": 0.0,
      "p20": 0.0,
      "p30": 0.0,
      "p40": 0.0,
      "p5": 0.0,
      "p50": 0.0,
      "p60": 0.0,
      "p70": 0.0,
      "p80": 0.0,
      "p90": 0.15,
      "p95": 0.3,
      "p99": 0.45
    }
  },
  "tier_3_humid_temperate": {
    "m1": {
      "p1": 0.45776236655362285,
      "p10": 0.7619880749385868,
      "p20": 0.762222988903649,
      "p30": 0.7622229900343033,
      "p40": 0.7684641248668569,
      "p5": 0.5219935418535051,
      "p50": 0.780774834821527,
      "p60": 0.7807748360024238,
      "p70": 0.7828531200865773,
      "p80": 0.7888672650650347,
      "p90": 0.8077660363553888,
      "p95": 0.8356861684750468,
      "p99": 0.9619992614687204
    },
    "n4": {
      "p1": 0.0,
      "p10": 0.0,
      "p20": 0.0,
      "p30": 0.0,
      "p40": 0.0,
      "p5": 0.0,
      "p50": 0.0,
      "p60": 0.0,
      "p70": 0.0,
      "p80": 0.0,
      "p90": 0.15,
      "p95": 0.4,
      "p99": 0.45
    }
  },
  "tier_4_continental": {
    "m1": {
      "p1": 0.4577623666437905,
      "p10": 0.7622229878301399,
      "p20": 0.7622229890752614,
      "p30": 0.7622229900974822,
      "p40": 0.7684641238362662,
      "p5": 0.5219935438700319,
      "p50": 0.7807748347599007,
      "p60": 0.7807748359224369,
      "p70": 0.7846052889441556,
      "p80": 0.7951685883599304,
      "p90": 0.8117879511928904,
      "p95": 0.8995456071543905,
      "p99": 1.0
    },
    "n4": {
      "p1": 0.0,
      "p10": 0.0,
      "p20": 0.0,
      "p30": 0.0,
      "p40": 0.0,
      "p5": 0.0,
      "p50": 0.0,
      "p60": 0.0,
      "p70": 0.0,
      "p80": 0.0,
      "p90": 0.15,
      "p95": 0.4,
      "p99": 0.45
    }
  },
  "tier_5_boreal_polar": {
    "m1": {
      "p1": 0.44862169121840784,
      "p10": 0.7622229874624245,
      "p20": 0.7622229895347283,
      "p30": 0.7622229917330352,
      "p40": 0.7807748324957273,
      "p5": 0.4577623683522856,
      "p50": 0.7807748351996466,
      "p60": 0.7807748364321714,
      "p70": 0.7868257477656705,
      "p80": 0.7987706203155776,
      "p90": 0.8289105653585526,
      "p95": 0.9058758235204557,
      "p99": 0.9827760276812323
    },
    "n4": {
      "p1": 0.0,
      "p10": 0.0,
      "p20": 0.0,
      "p30": 0.0,
      "p40": 0.0,
      "p5": 0.0,
      "p50": 0.0,
      "p60": 0.0,
      "p70": 0.0,
      "p80": 0.0,
      "p90": 0.15,
      "p95": 0.4,
      "p99": 0.45
    }
  },
  "tier_6_arid": {
    "m1": {
      "p1": 0.4577623686639288,
      "p10": 0.7622229885620215,
      "p20": 0.7622229898660627,
      "p30": 0.768464124655729,
      "p40": 0.7807748346179241,
      "p5": 0.7619880737798949,
      "p50": 0.7807748355734033,
      "p60": 0.7807748367397571,
      "p70": 0.786825748937491,
      "p80": 0.7888672646815266,
      "p90": 0.8077660379147934,
      "p95": 0.867585495443922,
      "p99": 0.9760230483256039
    },
    "n4": {
      "p1": 0.0,
      "p10": 0.0,
      "p20": 0.0,
      "p30": 0.0,
      "p40": 0.0,
      "p5": 0.0,
      "p50": 0.0,
      "p60": 0.0,
      "p70": 0.0,
      "p80": 0.0,
      "p90": 0.12,
      "p95": 0.45,
      "p99": 0.45
    }
  }
}