{
  "tier_1_tropical": {
    "m1": {
      "p1": 0.2075014101875144,
      "p10": 0.26000149036637205,
      "p20": 0.2910884533362443,
      "p30": 0.4197934832920578,
      "p40": 0.4303110102144677,
      "p5": 0.250563614053087,
      "p50": 0.43920908092289174,
      "p60": 0.448488039143318,
      "p70": 0.4579825359103425,
      "p80": 0.4695073902812247,
      "p90": 0.48727325982675124,
      "p95": 0.5029435028075645,
      "p99": 0.53516465548633
    },
    "n4": {
      "p1": 0.0,
      "p10": 0.007142857142857143,
      "p20": 0.025714285714285717,
      "p30": 0.04285714285714285,
      "p40": 0.05238095238095238,
      "p5": 0.0,
      "p50": 0.06666666666666667,
      "p60": 0.08476190476190477,
      "p70": 0.10238095238095238,
      "p80": 0.12571428571428572,
      "p90": 0.15952380952380954,
      "p95": 0.19,
      "p99": 0.2485714285714286
    },
    "p1": {
      "p1": 0.0,
      "p10": 0.0,
      "p20": 0.0,
      "p30": 0.0,
      "p40": 0.0,
      "p5": 0.0,
      "p50": 0.0,
      "p60": 0.28571428571428575,
      "p70": 0.380952380952381,
      "p80": 0.5714285714285715,
      "p90": 1.142857142857143,
      "p95": 1.9047619047619047,
      "p99": 4.190476190476191
    },
    "p2": {
      "p1": 0.0,
      "p10": 0.0,
      "p20": 0.0,
      "p30": 0.0,
      "p40": 0.14285714285714288,
      "p5": 0.0,
      "p50": 0.380952380952381,
      "p60": 0.6428571428571429,
      "p70": 1.142857142857143,
      "p80": 2.0,
      "p90": 3.8095238095238093,
      "p95": 7.523809523809525,
      "p99": 79.23809523809524
    },
    "p3": {
      "p1": 0.05714285714285714,
      "p10": 0.11428571428571428,
      "p20": 0.17142857142857143,
      "p30": 0.22857142857142856,
      "p40": 0.34285714285714286,
      "p5": 0.11428571428571428,
      "p50": 0.4571428571428572,
      "p60": 0.5714285714285714,
      "p70": 0.8,
      "p80": 1.0857142857142856,
      "p90": 1.7714285714285711,
      "p95": 2.5428571428571423,
      "p99": 5.199999999999998
    },
    "p5": {
      "p1": 0.08769094520136186,
      "p10": 0.19323083987014314,
      "p20": 0.2547265064036274,
      "p30": 0.3003568563020686,
      "p40": 0.34475345781977984,
      "p5": 0.1525015097782513,
      "p50": 0.38714906780523245,
      "p60": 0.43351381325203603,
      "p70": 0.48428073772253183,
      "p80": 0.5470531877835536,
      "p90": 0.6395092530637697,
      "p95": 0.720091883055295,
      "p99": 0.8219503531597068
    },
    "p6": {
      "p1": 0.0,
      "p10": 0.0,
      "p20": 0.0,
      "p30": 0.0,
      "p40": 0.0,
      "p5": 0.0,
      "p50": 0.0,
      "p60": 0.0,
      "p70": 0.0,
      "p80": 0.0,
      "p90": 0.0,
      "p95": 0.0,
      "p99": 0.08163265306122448
    }
  },
  "tier_2_mediterranean": {
    "m1": {
      "p1": 0.2106862271368147,
      "p10": 0.27742733965048294,
      "p20": 0.30817770000608835,
      "p30": 0.4197749077194659,
      "p40": 0.4306688385989394,
      "p5": 0.2542833905032242,
      "p50": 0.4417859605728883,
      "p60": 0.45415483269891427,
      "p70": 0.46539704151887623,
      "p80": 0.47849291974692565,
      "p90": 0.5008304271847774,
      "p95": 0.5199125525853253,
      "p99": 0.5613449583585198
    },
    "n4": {
      "p1": 0.0,
      "p10": 0.0,
      "p20": 0.007142857142857143,
      "p30": 0.007142857142857143,
      "p40": 0.007142857142857143,
      "p5": 0.0,
      "p50": 0.021428571428571425,
      "p60": 0.021428571428571425,
      "p70": 0.04285714285714286,
      "p80": 0.07142857142857142,
      "p90": 0.10476190476190476,
      "p95": 0.12666666666666668,
      "p99": 0.19285714285714284
    },
    "p1": {
      "p1": 0.0,
      "p10": 0.0,
      "p20": 0.0,
      "p30": 0.0,
      "p40": 0.0,
      "p5": 0.0,
      "p50": 0.0,
      "p60": 0.0,
      "p70": 0.0,
      "p80": 0.0,
      "p90": 0.28571428571428575,
      "p95": 0.5714285714285714,
      "p99": 2.0
    },
    "p2": {
      "p1": 0.0,
      "p10": 0.0,
      "p20": 0.0,
      "p30": 0.0,
      "p40": 0.0,
      "p5": 0.0,
      "p50": 0.14285714285714288,
      "p60": 0.23809523809523808,
      "p70": 0.47619047619047616,
      "p80": 0.9523809523809523,
      "p90": 2.5000000000000004,
      "p95": 4.999999999999999,
      "p99": 54.71428571428571
    },
    "p3": {
      "p1": 0.0,
      "p10": 0.05714285714285714,
      "p20": 0.11428571428571428,
      "p30": 0.11428571428571428,
      "p40": 0.11428571428571428,
      "p5": 0.05714285714285714,
      "p50": 0.17142857142857143,
      "p60": 0.22857142857142856,
      "p70": 0.34285714285714286,
      "p80": 0.4571428571428572,
      "p90": 0.7428571428571428,
      "p95": 1.0857142857142856,
      "p99": 2.5142857142857133
    },
    "p5": {
      "p1": 0.0,
      "p10": 0.06,
      "p20": 0.12,
      "p30": 0.12,
      "p40": 0.18,
      "p5": 0.06,
      "p50": 0.22469142206750875,
      "p60": 0.27913225659011875,
      "p70": 0.32379572380359267,
      "p80": 0.38093784059936175,
      "p90": 0.4547112048638117,
      "p95": 0.5254053094329153,
      "p99": 0.6720815819979133
    },
    "p6": {
      "p1": 0.0,
      "p10": 0.0,
      "p20": 0.0,
      "p30": 0.0,
      "p40": 0.0,
      "p5": 0.0,
      "p50": 0.0,
      "p60": 0.0,
      "p70": 0.0,
      "p80": 0.0,
      "p90": 0.08163265306122448,
      "p95": 0.16326530612244897,
      "p99": 0.7346938775510203
    }
  },
  "tier_3_humid_temperate": {
    "m1": {
      "p1": 0.20738642498501367,
      "p10": 0.2609740752512875,
      "p20": 0.29227607791927657,
      "p30": 0.4168930705927129,
      "p40": 0.4272858752436119,
      "p5": 0.249634757780591,
      "p50": 0.43652870351809814,
      "p60": 0.4476032614902431,
      "p70": 0.4592570882380197,
      "p80": 0.4721668426398609,
      "p90": 0.49255260613995416,
      "p95": 0.510208654741136,
      "p99": 0.5466080767262641
    },
    "n4": {
      "p1": 0.0,
      "p10": 0.0,
      "p20": 0.0,
      "p30": 0.007142857142857143,
      "p40": 0.007142857142857143,
      "p5": 0.0,
      "p50": 0.021428571428571425,
      "p60": 0.04285714285714286,
      "p70": 0.05952380952380952,
      "p80": 0.0761904761904762,
      "p90": 0.10428571428571429,
      "p95": 0.13333333333333333,
      "p99": 0.19285714285714284
    },
    "p1": {
      "p1": 0.0,
      "p10": 0.0,
      "p20": 0.0,
      "p30": 0.0,
      "p40": 0.0,
      "p5": 0.0,
      "p50": 0.0,
      "p60": 0.0,
      "p70": 0.0,
      "p80": 0.1904761904761905,
      "p90": 0.47619047619047616,
      "p95": 0.9523809523809523,
      "p99": 2.285714285714286
    },
    "p2": {
      "p1": 0.0,
      "p10": 0.0,
      "p20": 0.0,
      "p30": 0.0,
      "p40": 0.09523809523809525,
      "p5": 0.0,
      "p50": 0.1904761904761905,
      "p60": 0.380952380952381,
      "p70": 0.6666666666666667,
      "p80": 1.3333333333333335,
      "p90": 3.6190476190476195,
      "p95": 7.857142857142857,
      "p99": 78.09523809523809
    },
    "p3": {
      "p1": 0.0,
      "p10": 0.05714285714285714,
      "p20": 0.11428571428571428,
      "p30": 0.17142857142857143,
      "p40": 0.17142857142857143,
      "p5": 0.05714285714285714,
      "p50": 0.2857142857142857,
      "p60": 0.34285714285714286,
      "p70": 0.4571428571428572,
      "p80": 0.6285714285714286,
      "p90": 0.9999999999999999,
      "p95": 1.4571428571428569,
      "p99": 3.142857142857142
    },
    "p5": {
      "p1": 0.0,
      "p10": 0.12281801599201775,
      "p20": 0.2375930546325573,
      "p30": 0.2947674208099398,
      "p40": 0.34338226292013185,
      "p5": 0.06,
      "p50": 0.38542090625011005,
      "p60": 0.43459780291599526,
      "p70": 0.4813922156933573,
      "p80": 0.5407355207681385,
      "p90": 0.6266280091837158,
      "p95": 0.6962400932972364,
      "p99": 0.8378908821802964
    },
    "p6": {
      "p1": 0.0,
      "p10": 0.0,
      "p20": 0.0,
      "p30": 0.0,
      "p40": 0.0,
      "p5": 0.0,
      "p50": 0.0,
      "p60": 0.0,
      "p70": 0.0,
      "p80": 0.0,
      "p90": 0.08163265306122448,