{
  "tier_1_tropical": {
    "m1": {
      "p1": 0.2087753844822827,
      "p10": 0.259891826881212,
      "p20": 0.29061791381758706,
      "p30": 0.41900028094437897,
      "p40": 0.4298090722097323,
      "p5": 0.2506933217011129,
      "p50": 0.4389413490897295,
      "p60": 0.44853432669075294,
      "p70": 0.4584955326859742,
      "p80": 0.4701574767834093,
      "p90": 0.4877401640277946,
      "p95": 0.5035143189797552,
      "p99": 0.5352170354625148
    },
    "n4": {
      "p1": 0.0,
      "p10": 0.007142857142857143,
      "p20": 0.025714285714285717,
      "p30": 0.04285714285714285,
      "p40": 0.05238095238095238,
      "p5": 0.0,
      "p50": 0.06666666666666667,
      "p60": 0.0857142857142857,
      "p70": 0.10142857142857142,
      "p80": 0.12523809523809526,
      "p90": 0.15952380952380954,
      "p95": 0.19047619047619052,
      "p99": 0.2504761904761906
    },
    "p1": {
      "p1": 0.0,
      "p10": 0.0,
      "p20": 0.0,
      "p30": 0.0,
      "p40": 0.0,
      "p5": 0.0,
      "p50": 0.0,
      "p60": 42.857142857142854,
      "p70": 57.14285714285714,
      "p80": 71.42857142857143,
      "p90": 71.42857142857143,
      "p95": 85.71428571428571,
      "p99": 100.0
    },
    "p2": {
      "p1": 0.0,
      "p10": 0.0,
      "p20": 0.0,
      "p30": 0.0,
      "p40": 28.57142857142857,
      "p5": 0.0,
      "p50": 42.857142857142854,
      "p60": 57.14285714285714,
      "p70": 57.14285714285714,
      "p80": 71.42857142857143,
      "p90": 85.71428571428571,
      "p95": 85.71428571428571,
      "p99": 100.0
    },
    "p3": {
      "p1": 14.285714285714285,
      "p10": 28.57142857142857,
      "p20": 42.857142857142854,
      "p30": 42.857142857142854,
      "p40": 57.14285714285714,
      "p5": 28.57142857142857,
      "p50": 57.14285714285714,
      "p60": 57.14285714285714,
      "p70": 71.42857142857143,
      "p80": 71.42857142857143,
      "p90": 85.71428571428571,
      "p95": 85.71428571428571,
      "p99": 100.0
    },
    "p5": {
      "p1": 0.0876484362111489,
      "p10": 0.19287402573509016,
      "p20": 0.25426547219375434,
      "p30": 0.3012900995802652,
      "p40": 0.3451177250796301,
      "p5": 0.15188390061701024,
      "p50": 0.3864915292122337,
      "p60": 0.4309481897363736,
      "p70": 0.4826583247838259,
      "p80": 0.5459372843964241,
      "p90": 0.6406816414698853,
      "p95": 0.7208360219397618,
      "p99": 0.8354761483188318
    },
    "p6": {
      "p1": 0.0,
      "p10": 0.0,
      "p20": 0.0,
      "p30": 0.0,
      "p40": 0.0,
      "p5": 0.0,
      "p50": 14.285714285714285,
      "p60": 14.285714285714285,
      "p70": 14.285714285714285,
      "p80": 14.285714285714285,
      "p90": 28.57142857142857,
      "p95": 28.57142857142857,
      "p99": 42.857142857142854
    }
  },
  "tier_2_mediterranean": {
    "m1": {
      "p1": 0.21252063224780274,
      "p10": 0.2765872896234965,
      "p20": 0.3085602060621643,
      "p30": 0.42014528910129784,
      "p40": 0.43084656300493157,
      "p5": 0.25392458910520344,
      "p50": 0.4418226908333677,
      "p60": 0.45412123031280516,
      "p70": 0.46580089255026885,
      "p80": 0.4789647199382772,
      "p90": 0.5009728650370696,
      "p95": 0.5185542210388763,
      "p99": 0.5571894614427432
    },
    "n4": {
      "p1": 0.0,
      "p10": 0.0,
      "p20": 0.0,
      "p30": 0.007142857142857143,
      "p40": 0.007142857142857143,
      "p5": 0.0,
      "p50": 0.021428571428571425,
      "p60": 0.021428571428571425,
      "p70": 0.04285714285714286,
      "p80": 0.07142857142857142,
      "p90": 0.10428571428571429,
      "p95": 0.1257142857142857,
      "p99": 0.19285714285714284
    },
    "p1": {
      "p1": 0.0,
      "p10": 0.0,
      "p20": 0.0,
      "p30": 0.0,
      "p40": 0.0,
      "p5": 0.0,
      "p50": 0.0,
      "p60": 0.0,
      "p70": 0.0,
      "p80": 0.0,
      "p90": 28.57142857142857,
      "p95": 42.857142857142854,
      "p99": 71.42857142857143
    },
    "p2": {
      "p1": 0.0,
      "p10": 0.0,
      "p20": 0.0,
      "p30": 0.0,
      "p40": 0.0,
      "p5": 0.0,
      "p50": 28.57142857142857,
      "p60": 42.857142857142854,
      "p70": 57.14285714285714,
      "p80": 57.14285714285714,
      "p90": 71.42857142857143,
      "p95": 85.71428571428571,
      "p99": 100.0
    },
    "p3": {
      "p1": 0.0,
      "p10": 14.285714285714285,
      "p20": 14.285714285714285,
      "p30": 28.57142857142857,
      "p40": 28.57142857142857,
      "p5": 14.285714285714285,
      "p50": 42.857142857142854,
      "p60": 42.857142857142854,
      "p70": 42.857142857142854,
      "p80": 57.14285714285714,
      "p90": 57.14285714285714,
      "p95": 71.42857142857143,
      "p99": 85.71428571428571
    },
    "p5": {
      "p1": 0.0,
      "p10": 0.06,
      "p20": 0.12,
      "p30": 0.12,
      "p40": 0.1826585244283474,
      "p5": 0.06,
      "p50": 0.23119381726875726,
      "p60": 0.28064268606903076,
      "p70": 0.32605609465137475,
      "p80": 0.38157451378070295,
      "p90": 0.4533578971810232,
      "p95": 0.5197264250625955,
      "p99": 0.6722756336231634
    },
    "p6": {
      "p1": 0.0,
      "p10": 0.0,
      "p20": 0.0,
      "p30": 0.0,
      "p40": 14.285714285714285,
      "p5": 0.0,
      "p50": 14.285714285714285,
      "p60": 14.285714285714285,
      "p70": 14.285714285714285,
      "p80": 28.57142857142857,
      "p90": 28.57142857142857,
      "p95": 42.857142857142854,
      "p99": 57.14285714285714
    }
  },
  "tier_3_humid_temperate": {
    "m1": {
      "p1": 0.20506510950912005,
      "p10": 0.26069824595145097,
      "p20": 0.2920012827706733,
      "p30": 0.41659911944045497,
      "p40": 0.42729301824952176,
      "p5": 0.24964561579701644,
      "p50": 0.436695114749525,
      "p60": 0.4475052847548757,
      "p70": 0.45941705793094545,
      "p80": 0.4714940985792388,
      "p90": 0.49141999168535677,
      "p95": 0.509192109925209,
      "p99": 0.547600523125076
    },
    "n4": {
      "p1": 0.0,
      "p10": 0.0,
      "p20": 0.0,
      "p30": 0.007142857142857143,
      "p40": 0.007142857142857143,
      "p5": 0.0,
      "p50": 0.021428571428571425,
      "p60": 0.041428571428571426,
      "p70": 0.054761904761904755,
      "p80": 0.0757142857142857,
      "p90": 0.10428571428571426,
      "p95": 0.1357142857142857,
      "p99": 0.1947619047619048
    },
    "p1": {
      "p1": 0.0,
      "p10": 0.0,
      "p20": 0.0,
      "p30": 0.0,
      "p40": 0.0,
      "p5": 0.0,
      "p50": 0.0,
      "p60": 0.0,
      "p70": 0.0,
      "p80": 14.285714285714285,
      "p90": 42.857142857142854,
      "p95": 57.14285714285714,
      "p99": 71.42857142857143
    },
    "p2": {
      "p1": 0.0,
      "p10": 0.0,
      "p20": 0.0,
      "p30": 0.0,
      "p40": 28.57142857142857,
      "p5": 0.0,
      "p50": 42.857142857142854,
      "p60": 57.14285714285714,
      "p70": 57.14285714285714,
      "p80": 71.42857142857143,
      "p90": 71.42857142857143,
      "p95": 85.71428571428571,
      "p99": 100.0
    },
    "p3": {
      "p1": 0.0,
      "p10": 14.285714285714285,
      "p20": 28.57142857142857,
      "p30": 28.57142857142857,
      "p40": 42.857142857142854,
      "p5": 14.285714285714285,
      "p50": 42.857142857142854,
      "p60": 42.857142857142854,
      "p70": 57.14285714285714,
      "p80": 57.14285714285714,
      "p90": 71.42857142857143,
      "p95": 71.42857142857143,
      "p99": 85.71428571428571
    },
    "p5": {
      "p1": 0.0,
      "p10": 0.12509452355752948,
      "p20": 0.230622623553156,
      "p30": 0.289433571921821,
      "p40": 0.34108199273311873,
      "p5": 0.06,
      "p50": 0.3825599677944228,
      "p60": 0.4318888643551792,
      "p70": 0.4780574755875363,
      "p80": 0.5397315050812279,
      "p90": 0.6243286039867036,
      "p95": 0.6967258155175062,
      "p99": 0.8608195324127639
    },
    "p6": {
      "p1": 0.0,
      "p10": 0.0,
      "p20": 0.0,
      "p30": 0.0,
      "p40": 14.285714285714285,
      "p5": 0.0,