{
  "tier_1_tropical": {
    "m1": {
      "p1": 0.45776236674930576,
      "p10": 0.7619880737415734,
      "p20": 0.7622229885897066,
      "p30": 0.7622229906653826,
      "p40": 0.7807748347575374,
      "p5": 0.4577623694300338,
      "p50": 0.7807748359326171,
      "p60": 0.7807748373912865,
      "p70": 0.7888672620043167,
      "p80": 0.7913725846032152,
      "p90": 0.805356448687118,
      "p95": 0.8356861685248576,
      "p99": 0.9400812142024644
    },
    "n4": {
      "p1": 0.0,
      "p10": 0.0,
      "p20": 0.0,
      "p30": 0.0,
      "p40": 0.0,
      "p5": 0.0,
      "p50": 0.0,
      "p60": 0.0,
      "p70": 0.0,
      "p80": 0.15,
      "p90": 0.4,
      "p95": 0.45,
      "p99": 0.5
    }
  },
  "tier_2_mediterranean": {
    "m1": {
      "p1": 0.45776236704485523,
      "p10": 0.7622229875134466,
      "p20": 0.7622229890979775,
      "p30": 0.7622229901656302,
      "p40": 0.7684641272028625,
      "p5": 0.5219935438078055,
      "p50": 0.7807748346353757,
      "p60": 0.7807748358898968,
      "p70": 0.7825777069146662,
      "p80": 0.7888672641672437,
      "p90": 0.8077660368150384,
      "p95": 0.8510237084441308,
      "p99": 0.987699042951138
    },
    "n4": {
      "p1": 0.0,
      "p10": 0.0,
      "p20": 0.0,
      "p30": 0.0,
      "p40": 0.0,
      "p5": 0.0,
      "p50": 0.0,
      "p60": 0.0,
      "p70": 0.0,
      "p80": 0.0,
      "p90": 0.15,
      "p95": 0.3,
      "p99": 0.45
    }
  },
  "tier_3_humid_temperate": {
    "m1": {
      "p1": 0.4577623665719548,
      "p10": 0.7619880747767851,
      "p20": 0.762222988847214,
      "p30": 0.7622229899814176,
      "p40": 0.7684641245519542,
      "p5": 0.4577623694777821,
      "p50": 0.7807748347515384,
      "p60": 0.7807748358860793,
      "p70": 0.7807748383293142,
      "p80": 0.788867263650022,
      "p90": 0.8077660360762889,
      "p95": 0.8356861675963536,
      "p99": 0.9590559670442559
    },
    "n4": {
      "p1": 0.0,
      "p10": 0.0,
      "p20": 0.0,
      "p30": 0.0,
      "p40": 0.0,
      "p5": 0.0,
      "p50": 0.0,
      "p60": 0.0,
      "p70": 0.0,
      "p80": 0.0,
      "p90": 0.15,
      "p95": 0.4,
      "p99": 0.45
    }
  },
  "tier_4_continental": {
    "m1": {
      "p1": 0.45776236633321316,
      "p10": 0.7622229878031646,
      "p20": 0.7622229890525454,
      "p30": 0.7622229901201981,
      "p40": 0.7684641238462858,
      "p5": 0.5219935436790987,
      "p50": 0.7807748348040753,
      "p60": 0.7807748360038781,
      "p70": 0.7868257474902336,
      "p80": 0.7952230798783705,
      "p90": 0.827685223221188,
      "p95": 0.8995456077249099,
      "p99": 0.9936284202666819
    },
    "n4": {
      "p1": 0.0,
      "p10": 0.0,
      "p20": 0.0,
      "p30": 0.0,
      "p40": 0.0,
      "p5": 0.0,
      "p50": 0.0,
      "p60": 0.0,
      "p70": 0.0,
      "p80": 0.0,
      "p90": 0.15,
      "p95": 0.4,
      "p99": 0.45
    }
  },
  "tier_5_boreal_polar": {
    "m1": {
      "p1": 0.4486216918869062,
      "p10": 0.7622229875293302,
      "p20": 0.7622229895239028,
      "p30": 0.7622229916421712,
      "p40": 0.7684641262036725,
      "p5": 0.4577623682243883,
      "p50": 0.7807748351531089,
      "p60": 0.7807748364147197,
      "p70": 0.7868257481871156,
      "p80": 0.7987706205432149,
      "p90": 0.8290619274090193,
      "p95": 0.909788726170855,
      "p99": 0.9810574249253151
    },
    "n4": {
      "p1": 0.0,
      "p10": 0.0,
      "p20": 0.0,
      "p30": 0.0,
      "p40": 0.0,
      "p5": 0.0,
      "p50": 0.0,
      "p60": 0.0,
      "p70": 0.0,
      "p80": 0.0,
      "p90": 0.15,
      "p95": 0.4,
      "p99": 0.45
    }
  },
  "tier_6_arid": {
    "m1": {
      "p1": 0.45776236859784847,
      "p10": 0.7622229885982251,
      "p20": 0.7622229899485857,
      "p30": 0.768464125297701,
      "p40": 0.7807748346271952,
      "p5": 0.7619880733555201,
      "p50": 0.780774835666479,
      "p60": 0.780774836805201,
      "p70": 0.7868257489191713,
      "p80": 0.788867264543405,
      "p90": 0.8077660374966138,
      "p95": 0.8675854966074449,
      "p99": 0.9757235632756498
    },
    "n4": {
      "p1": 0.0,
      "p10": 0.0,
      "p20": 0.0,
      "p30": 0.0,
      "p40": 0.0,
      "p5": 0.0,
      "p50": 0.0,
      "p60": 0.0,
      "p70": 0.0,
      "p80": 0.0,
      "p90": 0.12,
      "p95": 0.45,
      "p99": 0.45
    }
  }
}