{
  "tier_1_tropical": {
    "m1": {
      "p1": 0.45776236677659055,
      "p10": 0.7619880737188643,
      "p20": 0.7622229886890892,
      "p30": 0.7622229910153512,
      "p40": 0.7807748349204198,
      "p5": 0.4577623689525504,
      "p50": 0.780774835972247,
      "p60": 0.7807748373403858,
      "p70": 0.7888672618632562,
      "p80": 0.7913725834263735,
      "p90": 0.7987706217319881,
      "p95": 0.8356861670180815,
      "p99": 0.9261470396775368
    },
    "n4": {
      "p1": 0.0,
      "p10": 0.0,
      "p20": 0.0,
      "p30": 0.0,
      "p40": 0.0,
      "p5": 0.0,
      "p50": 0.0,
      "p60": 0.0,
      "p70": 0.0,
      "p80": 0.15,
      "p90": 0.45,
      "p95": 0.45,
      "p99": 0.5
    }
  },
  "tier_2_mediterranean": {
    "m1": {
      "p1": 0.4577623671381137,
      "p10": 0.7622229874865601,
      "p20": 0.7622229891093355,
      "p30": 0.7622229901430029,
      "p40": 0.7684641254407493,
      "p5": 0.5219935438544753,
      "p50": 0.7807748345713862,
      "p60": 0.7807748358497216,
      "p70": 0.7807748385154654,
      "p80": 0.7888672637708785,
      "p90": 0.8077660366374978,
      "p95": 0.8510237091542804,
      "p99": 0.9775656471213059
    },
    "n4": {
      "p1": 0.0,
      "p10": 0.0,
      "p20": 0.0,
      "p30": 0.0,
      "p40": 0.0,
      "p5": 0.0,
      "p50": 0.0,
      "p60": 0.0,
      "p70": 0.0,
      "p80": 0.0,
      "p90": 0.15,
      "p95": 0.3,
      "p99": 0.45
    }
  },
  "tier_3_humid_temperate": {
    "m1": {
      "p1": 0.4577623663400343,
      "p10": 0.76198807475106,
      "p20": 0.7622229888537804,
      "p30": 0.7622229900747661,
      "p40": 0.7684641256455255,
      "p5": 0.45776237072606,
      "p50": 0.7807748348447958,
      "p60": 0.7807748359442516,
      "p70": 0.7807748392717048,
      "p80": 0.7888672639732855,
      "p90": 0.8077660362549579,
      "p95": 0.8356861681263713,
      "p99": 0.9646109136320278
    },
    "n4": {
      "p1": 0.0,
      "p10": 0.0,
      "p20": 0.0,
      "p30": 0.0,
      "p40": 0.0,
      "p5": 0.0,
      "p50": 0.0,
      "p60": 0.0,
      "p70": 0.0,
      "p80": 0.0,
      "p90": 0.15,
      "p95": 0.4,
      "p99": 0.45
    }
  },
  "tier_4_continental": {
    "m1": {
      "p1": 0.45776236635623463,
      "p10": 0.7622229876895845,
      "p20": 0.7622229890071134,
      "p30": 0.7622229900520502,
      "p40": 0.7684641236702267,
      "p5": 0.5219935436366826,
      "p50": 0.7807748346644618,
      "p60": 0.7807748357813692,
      "p70": 0.7828531225632919,
      "p80": 0.7951685882799501,
      "p90": 0.8110982437652872,
      "p95": 0.8995456068305935,
      "p99": 1.0
    },
    "n4": {
      "p1": 0.0,
      "p10": 0.0,
      "p20": 0.0,
      "p30": 0.0,
      "p40": 0.0,
      "p5": 0.0,
      "p50": 0.0,
      "p60": 0.0,
      "p70": 0.0,
      "p80": 0.0,
      "p90": 0.15,
      "p95": 0.4,
      "p99": 0.45
    }
  },
  "tier_5_boreal_polar": {
    "m1": {
      "p1": 0.44862169104459826,
      "p10": 0.7622229875130917,
      "p20": 0.7622229895125447,
      "p30": 0.7622229917152884,
      "p40": 0.7807748331985209,
      "p5": 0.4577623685705637,
      "p50": 0.7807748352720438,
      "p60": 0.7807748365492431,
      "p70": 0.7868257483278109,
      "p80": 0.7987706206845584,
      "p90": 0.828910566093963,
      "p95": 0.8995456099123198,
      "p99": 0.9835505484313666
    },
    "n4": {
      "p1": 0.0,
      "p10": 0.0,
      "p20": 0.0,
      "p30": 0.0,
      "p40": 0.0,
      "p5": 0.0,
      "p50": 0.0,
      "p60": 0.0,
      "p70": 0.0,
      "p80": 0.0,
      "p90": 0.15,
      "p95": 0.4,
      "p99": 0.45
    }
  },
  "tier_6_arid": {
    "m1": {
      "p1": 0.4577623687342723,
      "p10": 0.7622229886209412,
      "p20": 0.762222989847606,
      "p30": 0.7684641252332891,
      "p40": 0.780774834662644,
      "p5": 0.761988073521225,
      "p50": 0.780774835647573,
      "p60": 0.7807748368677361,
      "p70": 0.7868257493126788,
      "p80": 0.7913725841433128,
      "p90": 0.8077660380021532,
      "p95": 0.8675854985725057,
      "p99": 0.9837719290384955
    },
    "n4": {
      "p1": 0.0,
      "p10": 0.0,
      "p20": 0.0,
      "p30": 0.0,
      "p40": 0.0,
      "p5": 0.0,
      "p50": 0.0,
      "p60": 0.0,
      "p70": 0.0,
      "p80": 0.0,
      "p90": 0.12,
      "p95": 0.45,
      "p99": 0.45
    }
  }
}