{
  "tier_1_tropical": {
    "m1": {
      "p1": 0.2071937396749848,
      "p10": 0.2592408806099809,
      "p20": 0.28924540960475015,
      "p30": 0.41808530216284123,
      "p40": 0.42954220977973323,
      "p5": 0.2502521027730608,
      "p50": 0.43882409046788035,
      "p60": 0.448709327126371,
      "p70": 0.4589645681951253,
      "p80": 0.47065826868403726,
      "p90": 0.48765057035501874,
      "p95": 0.5040514362912999,
      "p99": 0.5348103208339791
    },
    "n4": {
      "p1": 0.0,
      "p10": 0.007142857142857143,
      "p20": 0.02619047619047619,
      "p30": 0.04285714285714286,
      "p40": 0.05238095238095238,
      "p5": 0.0,
      "p50": 0.06714285714285714,
      "p60": 0.0857142857142857,
      "p70": 0.10238095238095238,
      "p80": 0.12571428571428572,
      "p90": 0.15952380952380954,
      "p95": 0.19238095238095237,
      "p99": 0.25238095238095243
    },
    "p1": {
      "p1": 0.0,
      "p10": 0.0,
      "p20": 0.0,
      "p30": 0.0,
      "p40": 0.0,
      "p5": 0.0,
      "p50": 0.0,
      "p60": 42.857142857142854,
      "p70": 57.14285714285714,
      "p80": 71.42857142857143,
      "p90": 71.42857142857143,
      "p95": 85.71428571428571,
      "p99": 100.0
    },
    "p2": {
      "p1": 0.0,
      "p10": 0.0,
      "p20": 0.0,
      "p30": 0.0,
      "p40": 28.57142857142857,
      "p5": 0.0,
      "p50": 42.857142857142854,
      "p60": 57.14285714285714,
      "p70": 57.14285714285714,
      "p80": 71.42857142857143,
      "p90": 85.71428571428571,
      "p95": 85.71428571428571,
      "p99": 100.0
    },
    "p3": {
      "p1": 14.285714285714285,
      "p10": 28.57142857142857,
      "p20": 42.857142857142854,
      "p30": 42.857142857142854,
      "p40": 57.14285714285714,
      "p5": 28.57142857142857,
      "p50": 57.14285714285714,
      "p60": 57.14285714285714,
      "p70": 71.42857142857143,
      "p80": 71.42857142857143,
      "p90": 85.71428571428571,
      "p95": 85.71428571428571,
      "p99": 100.0
    },
    "p5": {
      "p1": 0.08393413518169358,
      "p10": 0.19307907217870493,
      "p20": 0.25222144010035635,
      "p30": 0.29991908429425124,
      "p40": 0.34186627046132445,
      "p5": 0.15223656898211507,
      "p50": 0.3850579012332689,
      "p60": 0.4320166639946188,
      "p70": 0.4832769073814524,
      "p80": 0.5469297830965731,
      "p90": 0.6451470606460408,
      "p95": 0.7292774108366226,
      "p99": 0.8353792244978298
    },
    "p6": {
      "p1": 0.0,
      "p10": 0.0,
      "p20": 0.0,
      "p30": 0.0,
      "p40": 0.0,
      "p5": 0.0,
      "p50": 14.285714285714285,
      "p60": 14.285714285714285,
      "p70": 14.285714285714285,
      "p80": 14.285714285714285,
      "p90": 28.57142857142857,
      "p95": 28.57142857142857,
      "p99": 42.857142857142854
    }
  },
  "tier_2_mediterranean": {
    "m1": {
      "p1": 0.20992908455791567,
      "p10": 0.27705174820574613,
      "p20": 0.3102395487944752,
      "p30": 0.42037640647673563,
      "p40": 0.4310296951125404,
      "p5": 0.2543351510171426,
      "p50": 0.44207672999190767,
      "p60": 0.4544773570992892,
      "p70": 0.4655055659883418,
      "p80": 0.47840862146831614,
      "p90": 0.5011265861345491,
      "p95": 0.5194886059908768,
      "p99": 0.5582628524507823
    },
    "n4": {
      "p1": 0.0,
      "p10": 0.0,
      "p20": 0.007142857142857143,
      "p30": 0.007142857142857143,
      "p40": 0.007142857142857143,
      "p5": 0.0,
      "p50": 0.021428571428571425,
      "p60": 0.021428571428571425,
      "p70": 0.04285714285714286,
      "p80": 0.07142857142857142,
      "p90": 0.10238095238095238,
      "p95": 0.12380952380952379,
      "p99": 0.19285714285714284
    },
    "p1": {
      "p1": 0.0,
      "p10": 0.0,
      "p20": 0.0,
      "p30": 0.0,
      "p40": 0.0,
      "p5": 0.0,
      "p50": 0.0,
      "p60": 0.0,
      "p70": 0.0,
      "p80": 0.0,
      "p90": 28.57142857142857,
      "p95": 42.857142857142854,
      "p99": 71.42857142857143
    },
    "p2": {
      "p1": 0.0,
      "p10": 0.0,
      "p20": 0.0,
      "p30": 0.0,
      "p40": 0.0,
      "p5": 0.0,
      "p50": 28.57142857142857,
      "p60": 42.857142857142854,
      "p70": 57.14285714285714,
      "p80": 57.14285714285714,
      "p90": 71.42857142857143,
      "p95": 85.71428571428571,
      "p99": 100.0
    },
    "p3": {
      "p1": 0.0,
      "p10": 14.285714285714285,
      "p20": 14.285714285714285,
      "p30": 28.57142857142857,
      "p40": 28.57142857142857,
      "p5": 14.285714285714285,
      "p50": 42.857142857142854,
      "p60": 42.857142857142854,
      "p70": 42.857142857142854,
      "p80": 57.14285714285714,
      "p90": 57.14285714285714,
      "p95": 71.42857142857143,
      "p99": 85.71428571428571
    },
    "p5": {
      "p1": 0.0,
      "p10": 0.06,
      "p20": 0.12,
      "p30": 0.12,
      "p40": 0.18,
      "p5": 0.06,
      "p50": 0.22434752555445775,
      "p60": 0.2792660629177049,
      "p70": 0.32395031050275175,
      "p80": 0.381508021909653,
      "p90": 0.4542465489722969,
      "p95": 0.5240497650951261,
      "p99": 0.6859638330944691
    },
    "p6": {
      "p1": 0.0,
      "p10": 0.0,
      "p20": 0.0,
      "p30": 0.0,
      "p40": 14.285714285714285,
      "p5": 0.0,
      "p50": 14.285714285714285,
      "p60": 14.285714285714285,
      "p70": 14.285714285714285,
      "p80": 28.57142857142857,
      "p90": 28.57142857142857,
      "p95": 42.857142857142854,
      "p99": 57.14285714285714
    }
  },
  "tier_3_humid_temperate": {
    "m1": {
      "p1": 0.20688903183213464,
      "p10": 0.26080035994472256,
      "p20": 0.29308851991504165,
      "p30": 0.41700537024453765,
      "p40": 0.42737697522703116,
      "p5": 0.24987918463882525,
      "p50": 0.43635066389458144,
      "p60": 0.44721461297055176,
      "p70": 0.4589868138890891,
      "p80": 0.47119480034062994,
      "p90": 0.49108214620901985,
      "p95": 0.5096445618313502,
      "p99": 0.5440095150283243
    },
    "n4": {
      "p1": 0.0,
      "p10": 0.0,
      "p20": 0.0,
      "p30": 0.007142857142857143,
      "p40": 0.007142857142857143,
      "p5": 0.0,
      "p50": 0.021428571428571425,
      "p60": 0.04285714285714286,
      "p70": 0.05904761904761905,
      "p80": 0.0761904761904762,
      "p90": 0.10285714285714287,
      "p95": 0.13,
      "p99": 0.19142857142857145
    },
    "p1": {
      "p1": 0.0,
      "p10": 0.0,
      "p20": 0.0,
      "p30": 0.0,
      "p40": 0.0,
      "p5": 0.0,
      "p50": 0.0,
      "p60": 0.0,
      "p70": 0.0,
      "p80": 14.285714285714285,
      "p90": 42.857142857142854,
      "p95": 57.14285714285714,
      "p99": 71.42857142857143
    },
    "p2": {
      "p1": 0.0,
      "p10": 0.0,
      "p20": 0.0,
      "p30": 0.0,
      "p40": 28.57142857142857,
      "p5": 0.0,
      "p50": 42.857142857142854,
      "p60": 57.14285714285714,
      "p70": 57.14285714285714,
      "p80": 71.42857142857143,
      "p90": 85.71428571428571,
      "p95": 85.71428571428571,
      "p99": 100.0
    },
    "p3": {
      "p1": 0.0,
      "p10": 14.285714285714285,
      "p20": 28.57142857142857,
      "p30": 28.57142857142857,
      "p40": 42.857142857142854,
      "p5": 14.285714285714285,
      "p50": 42.857142857142854,
      "p60": 42.857142857142854,
      "p70": 57.14285714285714,
      "p80": 57.14285714285714,
      "p90": 71.42857142857143,
      "p95": 71.42857142857143,
      "p99": 85.71428571428571
    },
    "p5": {
      "p1": 0.0,
      "p10": 0.1283216955020477,
      "p20": 0.23844539159727518,
      "p30": 0.29592847325432065,
      "p40": 0.34327558272745784,
      "p5": 0.06,
      "p50": 0.38534772206745765,
      "p60": 0.43535684555732024,
      "p70": 0.4830384513071372,
      "p80": 0.538774838752462,
      "p90": 0.6260669260319839,
      "p95": 0.6986436086650096,
      "p99": 0.8407144429493494
    },
    "p6": {
      "p1": 0.0,
      "p10": 0.0,
      "p20": 0.0,
      "p30": 0.0,
      "p40": 14.285714285714285,
      "p5": 0.0,