{
  "tier_1_tropical": {
    "m1": {
      "p1": 0.45776236684075233,
      "p10": 0.7619880734690652,
      "p20": 0.7622229885346913,
      "p30": 0.762222990833623,
      "p40": 0.780774834850613,
      "p5": 0.4577623690071199,
      "p50": 0.7807748359442516,
      "p60": 0.7807748372763963,
      "p70": 0.7888672618676643,
      "p80": 0.7913725847565161,
      "p90": 0.8006783147699703,
      "p95": 0.835686168263351,
      "p99": 0.9332549918461369
    },
    "n4": {
      "p1": 0.0,
      "p10": 0.0,
      "p20": 0.0,
      "p30": 0.0,
      "p40": 0.0,
      "p5": 0.0,
      "p50": 0.0,
      "p60": 0.0,
      "p70": 0.0,
      "p80": 0.15,
      "p90": 0.45,
      "p95": 0.45,
      "p99": 0.5
    }
  },
  "tier_2_mediterranean": {
    "m1": {
      "p1": 0.4577623670289746,
      "p10": 0.7622229875760045,
      "p20": 0.7622229891206935,
      "p30": 0.7622229902380375,
      "p40": 0.7705512871639039,
      "p5": 0.5219935439167017,
      "p50": 0.7807748346397386,
      "p60": 0.780774835827907,
      "p70": 0.7807748380849906,
      "p80": 0.7888672637161441,
      "p90": 0.8077660366660848,
      "p95": 0.8510237095600801,
      "p99": 1.0
    },
    "n4": {
      "p1": 0.0,
      "p10": 0.0,
      "p20": 0.0,
      "p30": 0.0,
      "p40": 0.0,
      "p5": 0.0,
      "p50": 0.0,
      "p60": 0.0,
      "p70": 0.0,
      "p80": 0.0,
      "p90": 0.15,
      "p95": 0.3,
      "p99": 0.45
    }
  },
  "tier_3_humid_temperate": {
    "m1": {
      "p1": 0.4577623665514912,
      "p10": 0.7619880753517844,
      "p20": 0.7622229888935333,
      "p30": 0.7622229900493881,
      "p40": 0.7684641249670532,
      "p5": 0.5219935431855406,
      "p50": 0.7807748347924408,
      "p60": 0.7807748359209826,
      "p70": 0.7807748390622846,
      "p80": 0.788867263892837,
      "p90": 0.8077660361492611,
      "p95": 0.8356861676780744,
      "p99": 0.958009527347284
    },
    "n4": {
      "p1": 0.0,
      "p10": 0.0,
      "p20": 0.0,
      "p30": 0.0,
      "p40": 0.0,
      "p5": 0.0,
      "p50": 0.0,
      "p60": 0.0,
      "p70": 0.0,
      "p80": 0.0,
      "p90": 0.15,
      "p95": 0.4,
      "p99": 0.45
    }
  },
  "tier_4_continental": {
    "m1": {
      "p1": 0.4577623666859966,
      "p10": 0.7622229877468183,
      "p20": 0.7622229890752614,
      "p30": 0.7622229900747661,
      "p40": 0.7684641238419917,
      "p5": 0.5219935437601633,
      "p50": 0.7807748348273442,
      "p60": 0.7807748360256926,
      "p70": 0.7868257477533047,
      "p80": 0.7951685907587844,
      "p90": 0.811098243241988,
      "p95": 0.888365379331971,
      "p99": 0.9905876807369735
    },
    "n4": {
      "p1": 0.0,
      "p10": 0.0,
      "p20": 0.0,
      "p30": 0.0,
      "p40": 0.0,
      "p5": 0.0,
      "p50": 0.0,
      "p60": 0.0,
      "p70": 0.0,
      "p80": 0.0,
      "p90": 0.15,
      "p95": 0.4,
      "p99": 0.45
    }
  },
  "tier_5_boreal_polar": {
    "m1": {
      "p1": 0.44862169060568724,
      "p10": 0.7622229875078564,
      "p20": 0.7622229894779383,
      "p30": 0.7622229917330352,
      "p40": 0.7807748327913151,
      "p5": 0.4577623682977161,
      "p50": 0.7807748352229156,
      "p60": 0.7807748364641661,
      "p70": 0.7868257481006465,
      "p80": 0.798770620482214,
      "p90": 0.8289105653091456,
      "p95": 0.9033550043362616,
      "p99": 0.9823608301488801
    },
    "n4": {
      "p1": 0.0,
      "p10": 0.0,
      "p20": 0.0,
      "p30": 0.0,
      "p40": 0.0,
      "p5": 0.0,
      "p50": 0.0,
      "p60": 0.0,
      "p70": 0.0,
      "p80": 0.0,
      "p90": 0.15,
      "p95": 0.4,
      "p99": 0.45
    }
  },
  "tier_6_arid": {
    "m1": {
      "p1": 0.4577623685842061,
      "p10": 0.7622229885350462,
      "p20": 0.7622229898248899,
      "p30": 0.7684641263526252,
      "p40": 0.7807748346644618,
      "p5": 0.7619880737415734,
      "p50": 0.7807748356455734,
      "p60": 0.7807748367557545,
      "p70": 0.786825748785529,
      "p80": 0.7888672643083041,
      "p90": 0.8077660372799541,
      "p95": 0.8691624227102254,
      "p99": 0.9866860008329202
    },
    "n4": {
      "p1": 0.0,
      "p10": 0.0,
      "p20": 0.0,
      "p30": 0.0,
      "p40": 0.0,
      "p5": 0.0,
      "p50": 0.0,
      "p60": 0.0,
      "p70": 0.0,
      "p80": 0.0,
      "p90": 0.12,
      "p95": 0.45,
      "p99": 0.45
    }
  }
}