{
  "tier_1_tropical": {
    "m1": {
      "p1": 0.2085428151610885,
      "p10": 0.2597105084577969,
      "p20": 0.29137722340900996,
      "p30": 0.41994050301971886,
      "p40": 0.43028161086911926,
      "p5": 0.25074339786019784,
      "p50": 0.43928379192247596,
      "p60": 0.44892191685595056,
      "p70": 0.45890338881271764,
      "p80": 0.47083850896389495,
      "p90": 0.4883581811216396,
      "p95": 0.5034789745864293,
      "p99": 0.5364811702090713
    },
    "n4": {
      "p1": 0.0,
      "p10": 0.007142857142857143,
      "p20": 0.025714285714285717,
      "p30": 0.04285714285714285,
      "p40": 0.05238095238095238,
      "p5": 0.0,
      "p50": 0.06666666666666667,
      "p60": 0.0857142857142857,
      "p70": 0.10238095238095238,
      "p80": 0.12523809523809523,
      "p90": 0.1604761904761905,
      "p95": 0.19142857142857142,
      "p99": 0.25142857142857145
    },
    "p1": {
      "p1": 0.0,
      "p10": 0.0,
      "p20": 0.0,
      "p30": 0.0,
      "p40": 0.0,
      "p5": 0.0,
      "p50": 0.0,
      "p60": 0.28571428571428575,
      "p70": 0.380952380952381,
      "p80": 0.5714285714285715,
      "p90": 1.142857142857143,
      "p95": 1.9047619047619047,
      "p99": 4.190476190476191
    },
    "p2": {
      "p1": 0.0,
      "p10": 0.0,
      "p20": 0.0,
      "p30": 0.0,
      "p40": 0.14285714285714288,
      "p5": 0.0,
      "p50": 0.380952380952381,
      "p60": 0.6666666666666667,
      "p70": 1.142857142857143,
      "p80": 2.0,
      "p90": 3.714285714285714,
      "p95": 7.500000000000001,
      "p99": 79.04761904761905
    },
    "p3": {
      "p1": 0.05714285714285714,
      "p10": 0.11428571428571428,
      "p20": 0.17142857142857143,
      "p30": 0.22857142857142856,
      "p40": 0.34285714285714286,
      "p5": 0.11428571428571428,
      "p50": 0.4571428571428572,
      "p60": 0.6,
      "p70": 0.8,
      "p80": 1.1428571428571428,
      "p90": 1.7714285714285711,
      "p95": 2.599999999999999,
      "p99": 5.0857142857142845
    },
    "p5": {
      "p1": 0.08900162578489433,
      "p10": 0.19264152841448368,
      "p20": 0.25358570988994034,
      "p30": 0.2990065955797345,
      "p40": 0.3431537276491846,
      "p5": 0.15110095632207882,
      "p50": 0.3857315701060712,
      "p60": 0.43080570554845776,
      "p70": 0.48095250757460184,
      "p80": 0.5437964352888132,
      "p90": 0.637530232388144,
      "p95": 0.7237371383347775,
      "p99": 0.8390049958016357
    },
    "p6": {
      "p1": 0.0,
      "p10": 0.0,
      "p20": 0.0,
      "p30": 0.0,
      "p40": 0.0,
      "p5": 0.0,
      "p50": 0.0,
      "p60": 0.0,
      "p70": 0.0,
      "p80": 0.0,
      "p90": 0.0,
      "p95": 0.0,
      "p99": 0.08163265306122448
    }
  },
  "tier_2_mediterranean": {
    "m1": {
      "p1": 0.2134077369849321,
      "p10": 0.2769883266620179,
      "p20": 0.309775483495843,
      "p30": 0.42034457921449103,
      "p40": 0.4308470389748978,
      "p5": 0.25440255456449806,
      "p50": 0.44152034292411835,
      "p60": 0.45407992571167277,
      "p70": 0.46575711040075707,
      "p80": 0.4792391804482633,
      "p90": 0.501729024126618,
      "p95": 0.5192555369053772,
      "p99": 0.5588267347707787
    },
    "n4": {
      "p1": 0.0,
      "p10": 0.0,
      "p20": 0.007142857142857143,
      "p30": 0.007142857142857143,
      "p40": 0.007142857142857143,
      "p5": 0.0,
      "p50": 0.021428571428571425,
      "p60": 0.021428571428571425,
      "p70": 0.04285714285714286,
      "p80": 0.07142857142857142,
      "p90": 0.10428571428571429,
      "p95": 0.12678571428571425,
      "p99": 0.19285714285714284
    },
    "p1": {
      "p1": 0.0,
      "p10": 0.0,
      "p20": 0.0,
      "p30": 0.0,
      "p40": 0.0,
      "p5": 0.0,
      "p50": 0.0,
      "p60": 0.0,
      "p70": 0.0,
      "p80": 0.0,
      "p90": 0.28571428571428575,
      "p95": 0.47619047619047616,
      "p99": 1.714285714285714
    },
    "p2": {
      "p1": 0.0,
      "p10": 0.0,
      "p20": 0.0,
      "p30": 0.0,
      "p40": 0.0,
      "p5": 0.0,
      "p50": 0.14285714285714288,
      "p60": 0.23809523809523808,
      "p70": 0.47619047619047616,
      "p80": 0.9285714285714286,
      "p90": 2.4761904761904763,
      "p95": 4.761904761904761,
      "p99": 31.904761904761905
    },
    "p3": {
      "p1": 0.0,
      "p10": 0.05714285714285714,
      "p20": 0.11428571428571428,
      "p30": 0.11428571428571428,
      "p40": 0.11428571428571428,
      "p5": 0.05714285714285714,
      "p50": 0.17142857142857143,
      "p60": 0.22857142857142856,
      "p70": 0.34285714285714286,
      "p80": 0.4571428571428572,
      "p90": 0.7428571428571428,
      "p95": 1.0857142857142856,
      "p99": 2.5142857142857133
    },
    "p5": {
      "p1": 0.0,
      "p10": 0.06,
      "p20": 0.12,
      "p30": 0.12,
      "p40": 0.18,
      "p5": 0.06,
      "p50": 0.22679961799058185,
      "p60": 0.2791885069086504,
      "p70": 0.32372210074892066,
      "p80": 0.38148420941760824,
      "p90": 0.4534020125121967,
      "p95": 0.5269964845588437,
      "p99": 0.6809398132298867
    },
    "p6": {
      "p1": 0.0,
      "p10": 0.0,
      "p20": 0.0,
      "p30": 0.0,
      "p40": 0.0,
      "p5": 0.0,
      "p50": 0.0,
      "p60": 0.0,
      "p70": 0.0,
      "p80": 0.0,
      "p90": 0.08163265306122448,
      "p95": 0.18367346938775508,
      "p99": 0.6734693877551019
    }
  },
  "tier_3_humid_temperate": {
    "m1": {
      "p1": 0.2074200482178559,
      "p10": 0.2612324846668592,
      "p20": 0.29268960900930185,
      "p30": 0.4170053714739604,
      "p40": 0.42750558810329514,
      "p5": 0.2502485681505991,
      "p50": 0.4366586718422742,
      "p60": 0.44752673050208674,
      "p70": 0.45930462887862733,
      "p80": 0.47204255623246355,
      "p90": 0.4921318262394439,
      "p95": 0.5115436402787266,
      "p99": 0.5481765510359576
    },
    "n4": {
      "p1": 0.0,
      "p10": 0.0,
      "p20": 0.0,
      "p30": 0.007142857142857143,
      "p40": 0.007142857142857143,
      "p5": 0.0,
      "p50": 0.021428571428571425,
      "p60": 0.04285714285714286,
      "p70": 0.05714285714285714,
      "p80": 0.07571428571428572,
      "p90": 0.10428571428571429,
      "p95": 0.1333333333333333,
      "p99": 0.19285714285714284
    },
    "p1": {
      "p1": 0.0,
      "p10": 0.0,
      "p20": 0.0,
      "p30": 0.0,
      "p40": 0.0,
      "p5": 0.0,
      "p50": 0.0,
      "p60": 0.0,
      "p70": 0.0,
      "p80": 0.1904761904761905,
      "p90": 0.47619047619047616,
      "p95": 0.857142857142857,
      "p99": 2.2857142857142856
    },
    "p2": {
      "p1": 0.0,
      "p10": 0.0,
      "p20": 0.0,
      "p30": 0.0,
      "p40": 0.09523809523809525,
      "p5": 0.0,
      "p50": 0.1904761904761905,
      "p60": 0.380952380952381,
      "p70": 0.7142857142857142,
      "p80": 1.4285714285714284,
      "p90": 3.7142857142857144,
      "p95": 7.738095238095238,
      "p99": 78.09523809523809
    },
    "p3": {
      "p1": 0.0,
      "p10": 0.05714285714285714,
      "p20": 0.11428571428571428,
      "p30": 0.17142857142857143,
      "p40": 0.17142857142857143,
      "p5": 0.05714285714285714,
      "p50": 0.2857142857142857,
      "p60": 0.34285714285714286,
      "p70": 0.4571428571428572,
      "p80": 0.657142857142857,
      "p90": 0.9999999999999999,
      "p95": 1.4571428571428569,
      "p99": 3.085714285714285
    },
    "p5": {
      "p1": 0.06,
      "p10": 0.12973087412735798,
      "p20": 0.23822402375781407,
      "p30": 0.2948930715702105,
      "p40": 0.3424130342000269,
      "p5": 0.06,
      "p50": 0.38499087558311107,
      "p60": 0.43507280228532236,
      "p70": 0.48168376119189804,
      "p80": 0.538184481511447,
      "p90": 0.6281678890799407,
      "p95": 0.6981658116797573,
      "p99": 0.8790294978100349
    },
    "p6": {
      "p1": 0.0,
      "p10": 0.0,
      "p20": 0.0,
      "p30": 0.0,
      "p40": 0.0,
      "p5": 0.0,
      "p50": 0.0,
      "p60": 0.0,
      "p70": 0.0,
      "p80": 0.0,