LMA,Nmass,LeafArea,PlantHeight,DiasporeMass,SSD,logLA,logH,logSM,logSSD,LES_core,SIZE,LES,L_pred,T_pred,M_pred,R_pred,N_pred
80,25,1500,0.5,2.5,0.65,7.313625305099938,-0.6923475003893811,0.9167706167110058,-0.4304752711123321,-0.19147106448071338,0.1331411733736118,-0.19147106448071338,5.61627371187767,4.179370793091138,4.7595266130586324,6.746998007747644,6.185454656708013
50,18,300,0.2,0.4,0.45,5.705805427107426,-1.6074399097714271,-0.9132952228943566,-0.7980633505095052,-0.31866945423606086,-2.0732797171137642,-0.31866945423606086,6.782254659102065,3.5093761714124554,4.940132381069653,6.506797546618277,5.0376344831807085
120,30,5000,2,30,0.8,8.51731468403571,0.6933471605626116,3.4012373808621765,-0.22289358255900238,-0.36950938533137945,3.2746703487817617,-0.36950938533137945,4.3786049201353,5.2614847204806114,4.97490588678099,7.13988178990653,7.868646758538696
