k_claims,C,df,p_value,AIC_msep
8,442.2118473536059,16,0,458.2118473536059
