{
  "payload": {
    "species": "Abies alba",
    "common_name": null,
    "slug": "abies-alba",
    "eive": {
      "values": {
        "R": 5.31,
        "N": 4.9
      },
      "labels": {
        "R": "moderately acidic soils; occasional neutral/basic",
        "N": "intermediate fertility"
      },
      "predicted": {
        "R": 4.393290939470918,
        "N": 5.429427388720454
      }
    },
    "reliability": {
      "R": {
        "verdict": "partial",
        "score": 0.8,
        "label": "Medium",
        "confidence": 0.8
      },
      "N": {
        "verdict": "conflict",
        "score": 0.5,
        "label": "Medium",
        "confidence": 0.5
      }
    },
    "soil": {
      "pH": {
        "surface_0_5cm": {
          "mean": 5.89340659340659,
          "p10": 5.4,
          "median": 5.9,
          "p90": 6.4,
          "sd": 0.426823460201365
        },
        "shallow_5_15cm": {
          "mean": 5.98681318681319,
          "p10": 5.4,
          "median": 6.0,
          "p90": 6.5,
          "sd": 0.484701234716074
        },
        "medium_15_30cm": {
          "mean": 6.0043956043956,
          "p10": 5.4,
          "median": 6.0,
          "p90": 6.5,
          "sd": 0.462580224372448
        },
        "deep_30_60cm": {
          "mean": 6.04175824175824,
          "p10": 5.5,
          "median": 6.0,
          "p90": 6.5,
          "sd": 0.42296990543482
        },
        "very_deep_60_100cm": {
          "mean": 6.14285714285714,
          "p10": 5.6,
          "median": 6.2,
          "p90": 6.6,
          "sd": 0.40253167084311
        },
        "subsoil_100_200cm": {
          "mean": 6.23846153846154,
          "p10": 5.8,
          "median": 6.2,
          "p90": 6.7,
          "sd": 0.403531419888968
        }
      },
      "metrics": [
        {
          "key": "organic_matter",
          "label": "Organic matter",
          "units": "g/kg",
          "description": "Stored plant material that keeps soil springy and full of life.",
          "topsoil": {
            "mean": 59.6021978021978
          },
          "subsoil": {
            "mean": 18.22362637362635
          },
          "deep": {
            "mean": 14.2857142857143
          }
        },
        {
          "key": "clay_content",
          "label": "Fine particles (clay)",
          "units": "%",
          "description": "Clay helps soils hold onto water and nutrients.",
          "topsoil": {
            "mean": 25.540293040293033
          },
          "subsoil": {
            "mean": 29.378021978021998
          },
          "deep": {
            "mean": 29.2593406593407
          }
        },
        {
          "key": "sand_content",
          "label": "Coarse particles (sand)",
          "units": "%",
          "description": "Sand keeps soils light and free-draining.",
          "topsoil": {
            "mean": 34.123809523809534
          },
          "subsoil": {
            "mean": 32.923626373626405
          },
          "deep": {
            "mean": 33.9153846153846
          }
        },
        {
          "key": "nutrient_capacity",
          "label": "Nutrient capacity",
          "units": "cmol(+)/kg",
          "description": "Higher values mean the soil can store more nutrients for roots.",
          "topsoil": {
            "mean": 24.6941391941392
          },
          "subsoil": {
            "mean": 18.7379120879121
          },
          "deep": {
            "mean": 17.9494505494506
          }
        },
        {
          "key": "nitrogen",
          "label": "Total nitrogen",
          "units": "g/kg",
          "description": "Plant-available nitrogen that drives leafy growth.",
          "topsoil": {
            "mean": 5.31945054945055
          },
          "subsoil": {
            "mean": 1.32802197802198
          },
          "deep": {
            "mean": 1.27010989010989
          }
        },
        {
          "key": "bulk_density",
          "label": "Soil density",
          "units": "g/cm³",
          "description": "How tightly packed the soil is—a guide to compaction and aeration.",
          "topsoil": {
            "mean": 1.19186813186813
          },
          "subsoil": {
            "mean": 1.43846153846154
          },
          "deep": {
            "mean": 1.49835164835165
          }
        }
      ],
      "data_quality": {
        "n_occurrences": 136,
        "n_unique_coords": 96,
        "has_sufficient_data": true
      }
    }
  },