{
  "payload": {
    "species": "Abies lasiocarpa",
    "common_name": null,
    "slug": "abies-lasiocarpa",
    "eive": {
      "values": {
        "R": 3.78,
        "N": 5.05
      },
      "labels": {
        "R": "slightly acidic; between acid and moderately acid",
        "N": "intermediate fertility"
      },
      "predicted": {
        "R": 4.682372783254755,
        "N": 3.3230948864260355
      }
    },
    "reliability": {
      "R": {
        "verdict": "match",
        "score": 1.0,
        "label": "High",
        "confidence": 1.0
      },
      "N": {
        "verdict": "conflict",
        "score": 0.5,
        "label": "Low",
        "confidence": 0.5
      }
    },
    "soil": {
      "pH": {
        "surface_0_5cm": {
          "mean": 5.93943661971831,
          "p10": 5.46,
          "median": 5.9,
          "p90": 6.4,
          "sd": 0.370665928228966
        },
        "shallow_5_15cm": {
          "mean": 5.99376257545272,
          "p10": 5.5,
          "median": 6.0,
          "p90": 6.44,
          "sd": 0.389506159584985
        },
        "medium_15_30cm": {
          "mean": 6.03380281690141,
          "p10": 5.5,
          "median": 6.1,
          "p90": 6.5,
          "sd": 0.39219222748354
        },
        "deep_30_60cm": {
          "mean": 6.14527162977867,
          "p10": 5.6,
          "median": 6.2,
          "p90": 6.6,
          "sd": 0.427840103182355
        },
        "very_deep_60_100cm": {
          "mean": 6.29678068410463,
          "p10": 5.7,
          "median": 6.3,
          "p90": 6.8,
          "sd": 0.450436278419564
        },
        "subsoil_100_200cm": {
          "mean": 6.43561368209256,
          "p10": 5.8,
          "median": 6.5,
          "p90": 7.0,
          "sd": 0.451519919332867
        }
      },
      "metrics": [
        {
          "key": "organic_matter",
          "label": "Organic matter",
          "units": "g/kg",
          "description": "Stored plant material that keeps soil springy and full of life.",
          "topsoil": {
            "mean": 47.05928906773976
          },
          "subsoil": {
            "mean": 11.474547283702204
          },
          "deep": {
            "mean": 8.18651911468813
          }
        },
        {
          "key": "clay_content",
          "label": "Fine particles (clay)",
          "units": "%",
          "description": "Clay helps soils hold onto water and nutrients.",
          "topsoil": {
            "mean": 17.707042253521134
          },
          "subsoil": {
            "mean": 17.750100603621753
          },
          "deep": {
            "mean": 17.5478873239437
          }
        },
        {
          "key": "sand_content",
          "label": "Coarse particles (sand)",
          "units": "%",
          "description": "Sand keeps soils light and free-draining.",
          "topsoil": {
            "mean": 42.871830985915494
          },
          "subsoil": {
            "mean": 48.753521126760546
          },
          "deep": {
            "mean": 50.707847082495
          }
        },
        {
          "key": "nutrient_capacity",
          "label": "Nutrient capacity",
          "units": "cmol(+)/kg",
          "description": "Higher values mean the soil can store more nutrients for roots.",
          "topsoil": {
            "mean": 22.070154258886664
          },
          "subsoil": {
            "mean": 16.4354124748491
          },
          "deep": {
            "mean": 15.5307847082495
          }
        },
        {
          "key": "nitrogen",
          "label": "Total nitrogen",
          "units": "g/kg",
          "description": "Plant-available nitrogen that drives leafy growth.",
          "topsoil": {
            "mean": 4.052032193158955
          },
          "subsoil": {
            "mean": 0.898672032193159
          },
          "deep": {
            "mean": 0.784446680080483
          }
        },
        {
          "key": "bulk_density",
          "label": "Soil density",
          "units": "g/cm³",
          "description": "How tightly packed the soil is—a guide to compaction and aeration.",
          "topsoil": {
            "mean": 1.1256874580818232
          },
          "subsoil": {
            "mean": 1.452092555331995
          },
          "deep": {
            "mean": 1.54718309859155
          }
        }
      ],
      "data_quality": {
        "n_occurrences": 520,
        "n_unique_coords": 509,
        "has_sufficient_data": true
      }
    }
  },
  "raw_text": null
}